busy_spin,hepnos_num_event_databases,hepnos_num_product_databases,hepnos_num_providers,hepnos_num_rpc_threads,hepnos_pes_per_node,hepnos_pool_type,hepnos_progress_thread,loader_async,loader_async_threads,loader_batch_size,loader_pes_per_node,loader_progress_thread,pep_ibatch_size,pep_no_preloading,pep_no_rdma,pep_num_threads,pep_obatch_size,pep_pes_per_node,pep_progress_thread,job_id,objective,timestamp_submit,timestamp_gather,timestamp_start,timestamp_end,dequed
True,12,12,22,39,32,fifo,True,True,11,1476,2,False,832,False,True,21,210,4,False,17,F10003,8.136489391326904,87.5016770362854,13.261632680892944,87.49938106536865,"4379,4380,4386,4392"
True,13,6,17,54,16,fifo_wait,True,True,5,193,16,True,349,False,False,18,229,32,False,28,-3.271026396371009,8.136920928955078,94.96104121208191,16.245740175247192,94.95980787277222,"4566,4567,4569,4571"
False,15,13,6,36,16,fifo,True,True,7,1770,8,True,10,False,True,14,254,32,False,27,-3.474270819127484,8.136885643005371,102.22943329811096,16.16386890411377,102.22820019721985,"4561,4562,4563,4565"
True,5,1,13,23,32,fifo_wait,False,True,13,49,4,False,76,True,True,4,239,4,False,19,-4.195062925814998,8.136600255966187,129.76181817054749,13.419602155685425,129.76061868667603,"4409,4418,4419,4422"
True,7,13,24,29,4,fifo,True,True,17,246,2,False,75,False,False,9,36,32,False,13,-4.235827472276405,8.13632583618164,131.60060334205627,11.926007747650146,131.59914207458496,"4358,4359,4360,4361"
False,1,10,18,48,1,fifo,True,False,35,105,16,False,92,False,True,5,25,16,False,9,-4.270362418704911,8.136143207550049,132.69452166557312,10.5133798122406,132.69309997558594,"4342,4343,4344,4345"
True,16,2,11,36,8,fifo,True,True,33,924,16,True,23,True,False,15,490,32,False,5,-4.333368051383973,8.135931730270386,138.72954988479614,9.352771043777466,138.72831511497498,"4321,4326,4327,4329"
False,7,2,4,51,2,fifo_wait,False,False,24,79,2,True,197,False,False,6,183,16,True,23,-4.459266295209874,8.13674283027649,150.1478910446167,14.753494501113892,150.14659476280212,"4440,4454,4455,4457"
True,8,14,30,40,4,fifo_wait,False,False,20,113,2,False,244,False,True,11,186,2,True,29,-4.5308884809608605,8.136956691741943,158.2380826473236,17.242605686187744,158.23682475090027,"4572,4573,4576,4578"
False,11,12,15,33,8,fifo,False,True,61,2042,2,False,41,False,False,22,128,32,True,26,-4.595416866341984,8.136850118637085,166.18254232406616,16.028353929519653,166.18129992485046,"4467,4468,4469,4560"