,busy_spin,hepnos_num_event_databases,hepnos_num_product_databases,hepnos_num_providers,hepnos_num_rpc_threads,hepnos_pes_per_node,hepnos_pool_type,hepnos_progress_thread,loader_async,loader_async_threads,loader_batch_size,loader_pes_per_node,loader_progress_thread,pep_ibatch_size,pep_no_preloading,pep_no_rdma,pep_num_threads,pep_obatch_size,pep_pes_per_node,pep_progress_thread,objective
0,0.0,3.0,10.0,22.0,59.0,16.0,1.0,1.0,0.0,2.0,1416.0,8.0,0.0,283.0,0.0,0.0,15.0,48.0,32.0,1.0,3.976377248
1,1.0,10.0,3.0,5.0,35.0,32.0,1.0,0.0,0.0,1.0,83.0,4.0,0.0,911.0,0.0,1.0,9.0,505.0,32.0,0.0,4.507969585
2,0.0,14.0,14.0,9.0,18.0,8.0,0.0,0.0,0.0,3.0,1846.0,2.0,1.0,278.0,0.0,0.0,7.0,11.0,8.0,1.0,4.562522914
3,1.0,3.0,16.0,24.0,39.0,2.0,0.0,1.0,0.0,34.0,568.0,4.0,1.0,8.0,1.0,1.0,26.0,618.0,2.0,0.0,4.964614724
4,1.0,13.0,1.0,16.0,28.0,16.0,1.0,1.0,0.0,2.0,454.0,1.0,0.0,110.0,0.0,1.0,12.0,20.0,4.0,0.0,5.261210054
5,1.0,9.0,2.0,21.0,19.0,4.0,0.0,1.0,0.0,1.0,381.0,1.0,0.0,40.0,0.0,0.0,7.0,118.0,4.0,0.0,5.210689065
6,0.0,2.0,10.0,26.0,45.0,32.0,1.0,0.0,1.0,47.0,104.0,2.0,1.0,138.0,0.0,0.0,25.0,33.0,32.0,1.0,4.948960636
7,0.0,7.0,7.0,2.0,52.0,4.0,0.0,1.0,0.0,38.0,28.0,1.0,1.0,33.0,1.0,0.0,15.0,11.0,2.0,1.0,5.596438672
8,1.0,10.0,8.0,15.0,43.0,8.0,0.0,0.0,0.0,40.0,6.0,16.0,1.0,447.0,0.0,0.0,26.0,25.0,4.0,0.0,5.291111356
9,0.0,9.0,8.0,31.0,11.0,1.0,0.0,0.0,1.0,15.0,3.0,16.0,0.0,14.0,1.0,1.0,25.0,8.0,2.0,1.0,5.557453153
10,1.0,6.0,3.0,10.0,47.0,32.0,1.0,1.0,1.0,2.0,373.0,8.0,0.0,120.0,0.0,1.0,9.0,16.0,1.0,0.0,4.511099775
11,0.0,5.0,10.0,17.0,59.0,16.0,1.0,0.0,1.0,10.0,8.0,4.0,0.0,80.0,0.0,1.0,19.0,21.0,32.0,1.0,4.959001763
12,1.0,8.0,4.0,22.0,34.0,16.0,1.0,0.0,0.0,56.0,128.0,8.0,0.0,15.0,0.0,1.0,1.0,93.0,8.0,0.0,4.41673928
13,1.0,12.0,12.0,29.0,37.0,16.0,1.0,1.0,1.0,39.0,666.0,8.0,0.0,19.0,0.0,1.0,1.0,22.0,16.0,0.0,3.946815329
14,0.0,12.0,9.0,4.0,20.0,2.0,1.0,1.0,1.0,17.0,117.0,2.0,0.0,221.0,0.0,0.0,10.0,124.0,16.0,1.0,4.691912784
15,1.0,16.0,11.0,29.0,1.0,16.0,1.0,0.0,0.0,39.0,4.0,8.0,1.0,10.0,1.0,0.0,1.0,475.0,16.0,0.0,5.193896408
16,1.0,15.0,4.0,4.0,14.0,16.0,1.0,1.0,1.0,24.0,10.0,8.0,0.0,557.0,0.0,1.0,28.0,210.0,16.0,0.0,5.328820722
17,1.0,11.0,12.0,28.0,15.0,1.0,1.0,0.0,0.0,5.0,426.0,8.0,0.0,8.0,0.0,0.0,22.0,22.0,8.0,0.0,4.302062268
18,1.0,11.0,12.0,9.0,32.0,1.0,0.0,1.0,0.0,9.0,1410.0,8.0,0.0,292.0,0.0,0.0,31.0,630.0,8.0,1.0,4.32636043
19,1.0,11.0,13.0,29.0,22.0,16.0,1.0,1.0,0.0,5.0,1105.0,8.0,0.0,891.0,0.0,1.0,21.0,280.0,32.0,0.0,4.301254872
20,1.0,12.0,1.0,32.0,24.0,2.0,1.0,1.0,1.0,5.0,51.0,8.0,0.0,28.0,0.0,1.0,2.0,480.0,32.0,0.0,4.679165936
21,0.0,2.0,15.0,28.0,22.0,1.0,1.0,1.0,0.0,61.0,109.0,8.0,0.0,36.0,0.0,0.0,7.0,82.0,32.0,0.0,4.636171178
22,1.0,6.0,12.0,31.0,27.0,16.0,1.0,0.0,0.0,6.0,417.0,8.0,0.0,19.0,1.0,0.0,21.0,167.0,1.0,0.0,4.881963931
23,0.0,11.0,13.0,3.0,54.0,1.0,0.0,1.0,1.0,4.0,64.0,8.0,0.0,13.0,0.0,0.0,24.0,540.0,8.0,0.0,4.88669618
24,1.0,5.0,5.0,6.0,13.0,16.0,1.0,1.0,0.0,11.0,5.0,4.0,0.0,990.0,1.0,0.0,22.0,48.0,8.0,1.0,5.30613111
25,1.0,13.0,12.0,25.0,36.0,1.0,1.0,1.0,0.0,6.0,176.0,16.0,0.0,136.0,0.0,1.0,8.0,230.0,8.0,1.0,4.393434963
26,1.0,3.0,15.0,29.0,15.0,16.0,0.0,1.0,0.0,5.0,158.0,4.0,1.0,179.0,0.0,0.0,31.0,81.0,32.0,1.0,4.740572978
27,0.0,4.0,13.0,27.0,2.0,8.0,0.0,1.0,0.0,58.0,464.0,8.0,0.0,106.0,0.0,0.0,3.0,40.0,16.0,1.0,4.633369928
28,0.0,11.0,6.0,1.0,57.0,16.0,1.0,1.0,1.0,9.0,236.0,8.0,1.0,422.0,0.0,0.0,20.0,229.0,2.0,0.0,4.621395262
29,1.0,12.0,12.0,19.0,37.0,2.0,1.0,1.0,0.0,2.0,60.0,2.0,0.0,962.0,0.0,0.0,15.0,312.0,32.0,0.0,4.897325816
30,1.0,11.0,12.0,25.0,32.0,32.0,1.0,0.0,0.0,1.0,2.0,16.0,0.0,119.0,0.0,1.0,21.0,150.0,16.0,0.0,5.237113486
31,1.0,13.0,9.0,11.0,40.0,16.0,1.0,1.0,0.0,37.0,150.0,16.0,0.0,942.0,0.0,1.0,27.0,8.0,8.0,1.0,4.582649252
32,1.0,8.0,1.0,12.0,36.0,1.0,0.0,1.0,0.0,2.0,657.0,8.0,0.0,621.0,0.0,1.0,8.0,151.0,32.0,0.0,4.026372818
33,1.0,8.0,16.0,14.0,9.0,1.0,0.0,1.0,0.0,57.0,337.0,8.0,0.0,47.0,0.0,1.0,11.0,343.0,16.0,0.0,4.824255146
34,1.0,1.0,10.0,12.0,26.0,1.0,0.0,0.0,1.0,39.0,164.0,8.0,1.0,161.0,0.0,1.0,5.0,922.0,32.0,1.0,4.42673972
35,1.0,2.0,1.0,8.0,4.0,1.0,0.0,1.0,0.0,7.0,46.0,8.0,0.0,701.0,0.0,1.0,8.0,12.0,1.0,1.0,5.389920536
36,0.0,11.0,1.0,12.0,36.0,1.0,0.0,1.0,0.0,52.0,11.0,1.0,0.0,27.0,0.0,1.0,24.0,990.0,8.0,1.0,5.465990186
37,1.0,8.0,5.0,23.0,37.0,1.0,0.0,1.0,0.0,2.0,500.0,4.0,0.0,51.0,0.0,0.0,30.0,151.0,8.0,1.0,4.689748885
38,1.0,16.0,12.0,28.0,47.0,1.0,0.0,1.0,0.0,14.0,13.0,8.0,0.0,546.0,0.0,0.0,23.0,45.0,4.0,1.0,5.369613919
39,1.0,7.0,14.0,30.0,36.0,2.0,1.0,1.0,0.0,9.0,69.0,8.0,0.0,313.0,0.0,0.0,14.0,34.0,1.0,0.0,5.2854865
40,1.0,14.0,3.0,22.0,7.0,16.0,1.0,0.0,0.0,12.0,16.0,16.0,0.0,492.0,0.0,1.0,4.0,256.0,8.0,1.0,5.235580186
41,1.0,1.0,1.0,6.0,30.0,4.0,1.0,1.0,0.0,56.0,63.0,1.0,0.0,12.0,1.0,1.0,29.0,22.0,8.0,0.0,5.300768327
42,1.0,15.0,2.0,32.0,59.0,16.0,1.0,1.0,0.0,6.0,3.0,8.0,0.0,748.0,0.0,1.0,1.0,106.0,8.0,1.0,4.963639842
43,1.0,13.0,12.0,1.0,3.0,1.0,1.0,1.0,0.0,49.0,86.0,4.0,0.0,75.0,0.0,1.0,12.0,15.0,32.0,0.0,4.877597473
44,1.0,3.0,10.0,22.0,34.0,16.0,1.0,1.0,0.0,31.0,595.0,16.0,0.0,649.0,1.0,0.0,1.0,50.0,2.0,1.0,4.509974982
45,1.0,4.0,12.0,7.0,63.0,1.0,0.0,0.0,1.0,8.0,1346.0,16.0,1.0,39.0,0.0,1.0,8.0,26.0,8.0,1.0,4.040440835
46,1.0,8.0,13.0,7.0,12.0,16.0,0.0,0.0,1.0,2.0,1223.0,16.0,0.0,118.0,0.0,1.0,13.0,636.0,1.0,0.0,4.574912759
47,1.0,9.0,4.0,3.0,13.0,32.0,1.0,0.0,0.0,8.0,275.0,16.0,0.0,15.0,0.0,1.0,18.0,171.0,32.0,0.0,4.547047511
48,0.0,4.0,7.0,21.0,46.0,32.0,1.0,0.0,1.0,18.0,48.0,8.0,1.0,455.0,0.0,1.0,8.0,111.0,8.0,0.0,4.550144184
49,1.0,8.0,11.0,29.0,25.0,4.0,1.0,1.0,0.0,43.0,5.0,16.0,0.0,72.0,0.0,1.0,12.0,26.0,8.0,1.0,5.179545359
50,0.0,12.0,12.0,12.0,60.0,1.0,1.0,0.0,1.0,56.0,1192.0,8.0,1.0,97.0,0.0,1.0,5.0,149.0,1.0,0.0,4.189096621
51,1.0,12.0,12.0,13.0,56.0,1.0,0.0,0.0,1.0,56.0,59.0,16.0,0.0,515.0,1.0,1.0,2.0,386.0,32.0,1.0,4.972857108
52,0.0,10.0,4.0,20.0,63.0,1.0,1.0,0.0,1.0,2.0,1337.0,16.0,0.0,18.0,0.0,1.0,23.0,165.0,8.0,0.0,4.157322139
53,1.0,12.0,5.0,25.0,48.0,1.0,1.0,0.0,1.0,19.0,3.0,16.0,1.0,18.0,0.0,1.0,5.0,14.0,32.0,1.0,5.258212701
54,0.0,10.0,12.0,29.0,60.0,16.0,1.0,0.0,1.0,8.0,27.0,1.0,0.0,195.0,0.0,1.0,21.0,32.0,16.0,1.0,5.334473152
55,1.0,12.0,10.0,18.0,61.0,1.0,1.0,0.0,1.0,10.0,397.0,8.0,0.0,269.0,0.0,0.0,27.0,92.0,8.0,0.0,4.373816892
56,0.0,14.0,16.0,18.0,44.0,1.0,1.0,1.0,1.0,5.0,21.0,2.0,0.0,60.0,0.0,0.0,31.0,192.0,8.0,0.0,5.397404475
57,0.0,10.0,12.0,21.0,8.0,1.0,1.0,0.0,0.0,30.0,1384.0,8.0,0.0,305.0,0.0,0.0,17.0,276.0,4.0,0.0,4.685004784
58,0.0,2.0,12.0,12.0,63.0,32.0,1.0,0.0,1.0,26.0,43.0,16.0,0.0,58.0,0.0,0.0,6.0,18.0,2.0,0.0,5.037670112
59,1.0,11.0,7.0,20.0,35.0,1.0,1.0,1.0,1.0,10.0,85.0,2.0,1.0,296.0,0.0,1.0,4.0,129.0,16.0,0.0,4.761878729
60,1.0,11.0,8.0,22.0,34.0,4.0,1.0,0.0,1.0,6.0,7.0,16.0,0.0,68.0,0.0,1.0,23.0,942.0,8.0,1.0,5.215653045
61,0.0,13.0,12.0,18.0,61.0,16.0,0.0,0.0,0.0,2.0,55.0,8.0,0.0,287.0,0.0,1.0,7.0,467.0,1.0,0.0,5.074162912
62,1.0,15.0,4.0,29.0,50.0,2.0,1.0,0.0,1.0,2.0,34.0,8.0,1.0,346.0,1.0,1.0,27.0,93.0,8.0,0.0,5.018597335
63,1.0,4.0,14.0,6.0,43.0,1.0,1.0,0.0,0.0,21.0,154.0,8.0,0.0,152.0,0.0,0.0,31.0,23.0,8.0,0.0,4.627966806
64,0.0,16.0,10.0,11.0,1.0,1.0,1.0,0.0,0.0,44.0,1720.0,8.0,0.0,59.0,0.0,1.0,1.0,297.0,32.0,0.0,4.367208292
65,0.0,16.0,4.0,12.0,28.0,1.0,0.0,1.0,1.0,44.0,14.0,8.0,1.0,920.0,0.0,0.0,8.0,566.0,1.0,1.0,5.437282273
66,0.0,16.0,13.0,25.0,58.0,1.0,0.0,0.0,0.0,13.0,80.0,8.0,0.0,827.0,0.0,1.0,23.0,174.0,4.0,0.0,5.159086392
67,0.0,3.0,2.0,7.0,53.0,4.0,1.0,0.0,1.0,23.0,263.0,4.0,0.0,76.0,0.0,1.0,1.0,241.0,8.0,0.0,4.337473806
68,0.0,11.0,2.0,26.0,25.0,1.0,0.0,1.0,1.0,62.0,84.0,8.0,0.0,351.0,0.0,1.0,14.0,76.0,32.0,0.0,4.679853368
69,0.0,13.0,12.0,7.0,23.0,8.0,1.0,0.0,0.0,63.0,850.0,4.0,1.0,19.0,0.0,1.0,30.0,894.0,1.0,0.0,5.043685052
70,1.0,3.0,16.0,22.0,18.0,4.0,1.0,0.0,0.0,23.0,200.0,16.0,0.0,140.0,0.0,1.0,8.0,356.0,2.0,0.0,4.663697686
71,0.0,8.0,2.0,30.0,59.0,16.0,1.0,0.0,1.0,20.0,161.0,8.0,1.0,424.0,0.0,0.0,17.0,13.0,8.0,0.0,4.355316576
72,0.0,5.0,2.0,11.0,53.0,2.0,1.0,1.0,1.0,18.0,91.0,8.0,1.0,271.0,0.0,0.0,13.0,139.0,8.0,0.0,4.423939774
73,0.0,4.0,10.0,30.0,37.0,1.0,1.0,0.0,1.0,40.0,736.0,16.0,0.0,43.0,0.0,0.0,6.0,166.0,1.0,0.0,4.300830742
74,1.0,3.0,10.0,1.0,55.0,4.0,0.0,0.0,1.0,3.0,23.0,8.0,0.0,768.0,0.0,1.0,17.0,103.0,1.0,0.0,5.096046346
75,0.0,4.0,5.0,23.0,38.0,16.0,1.0,0.0,1.0,53.0,15.0,16.0,0.0,605.0,0.0,0.0,6.0,279.0,32.0,1.0,5.171896968
76,1.0,11.0,9.0,30.0,15.0,1.0,1.0,0.0,0.0,6.0,1.0,8.0,1.0,868.0,0.0,0.0,10.0,469.0,8.0,1.0,5.511660292
77,0.0,10.0,2.0,29.0,54.0,4.0,1.0,0.0,1.0,32.0,18.0,8.0,0.0,741.0,0.0,0.0,8.0,32.0,8.0,0.0,4.951529959
78,0.0,16.0,6.0,2.0,49.0,1.0,1.0,0.0,0.0,2.0,152.0,16.0,1.0,514.0,0.0,1.0,31.0,36.0,8.0,0.0,4.618855217
79,1.0,4.0,10.0,32.0,12.0,4.0,1.0,1.0,1.0,20.0,89.0,4.0,0.0,90.0,0.0,1.0,15.0,37.0,1.0,0.0,5.119658854
80,1.0,4.0,4.0,30.0,53.0,1.0,1.0,0.0,1.0,4.0,79.0,2.0,0.0,41.0,0.0,0.0,5.0,765.0,16.0,0.0,5.008194606
81,1.0,8.0,8.0,28.0,17.0,4.0,1.0,1.0,1.0,54.0,678.0,8.0,0.0,16.0,0.0,1.0,21.0,95.0,1.0,0.0,4.764310525
82,0.0,12.0,12.0,11.0,59.0,16.0,1.0,1.0,1.0,33.0,550.0,8.0,1.0,92.0,0.0,0.0,9.0,55.0,1.0,1.0,4.404327758
83,0.0,3.0,12.0,5.0,10.0,16.0,1.0,0.0,1.0,4.0,19.0,8.0,1.0,374.0,0.0,1.0,3.0,131.0,1.0,1.0,5.290058491
84,0.0,6.0,10.0,18.0,23.0,1.0,1.0,0.0,1.0,47.0,2.0,8.0,0.0,345.0,0.0,0.0,17.0,340.0,8.0,1.0,5.375217228
85,1.0,12.0,4.0,22.0,16.0,16.0,1.0,0.0,1.0,36.0,773.0,8.0,0.0,499.0,1.0,1.0,9.0,58.0,1.0,1.0,4.820227347
86,0.0,2.0,5.0,11.0,18.0,1.0,1.0,0.0,0.0,12.0,1098.0,8.0,1.0,172.0,0.0,0.0,1.0,13.0,8.0,0.0,3.84481878
87,1.0,5.0,5.0,11.0,33.0,4.0,1.0,0.0,1.0,22.0,9.0,16.0,1.0,21.0,0.0,1.0,22.0,35.0,1.0,0.0,5.52939493
88,0.0,14.0,5.0,24.0,60.0,1.0,1.0,0.0,1.0,7.0,1742.0,4.0,0.0,44.0,0.0,0.0,1.0,9.0,8.0,0.0,4.232135911
89,0.0,1.0,3.0,30.0,20.0,1.0,1.0,0.0,0.0,5.0,162.0,8.0,0.0,85.0,0.0,0.0,27.0,31.0,32.0,0.0,4.492573491
90,0.0,14.0,12.0,15.0,4.0,8.0,0.0,1.0,1.0,28.0,7.0,16.0,1.0,39.0,0.0,0.0,1.0,9.0,8.0,1.0,5.149981756
91,0.0,12.0,5.0,29.0,62.0,1.0,0.0,0.0,1.0,20.0,12.0,8.0,0.0,44.0,1.0,0.0,22.0,192.0,8.0,1.0,5.080164006
92,0.0,16.0,9.0,19.0,63.0,1.0,1.0,0.0,0.0,46.0,1226.0,4.0,1.0,864.0,0.0,1.0,29.0,125.0,1.0,0.0,4.938682441
93,0.0,2.0,2.0,18.0,8.0,16.0,1.0,1.0,0.0,7.0,4.0,8.0,0.0,182.0,0.0,0.0,16.0,59.0,8.0,0.0,5.286288754
94,0.0,11.0,5.0,24.0,37.0,1.0,0.0,0.0,1.0,62.0,45.0,4.0,1.0,530.0,0.0,0.0,30.0,712.0,1.0,0.0,5.341124681
95,1.0,12.0,5.0,8.0,5.0,16.0,0.0,0.0,0.0,26.0,864.0,8.0,1.0,269.0,0.0,0.0,25.0,971.0,8.0,0.0,4.708705186
96,0.0,4.0,9.0,7.0,2.0,1.0,1.0,0.0,1.0,17.0,819.0,4.0,1.0,731.0,0.0,1.0,1.0,452.0,32.0,1.0,4.537010566
97,0.0,3.0,5.0,20.0,44.0,16.0,0.0,1.0,1.0,11.0,390.0,16.0,0.0,97.0,0.0,1.0,26.0,22.0,8.0,0.0,4.485137792
98,1.0,11.0,6.0,22.0,1.0,32.0,1.0,0.0,1.0,33.0,124.0,8.0,0.0,29.0,1.0,1.0,8.0,13.0,16.0,0.0,5.248028021
99,0.0,12.0,4.0,9.0,51.0,2.0,1.0,1.0,1.0,49.0,1373.0,1.0,1.0,59.0,0.0,1.0,23.0,24.0,32.0,0.0,5.120873526
100,0.0,1.0,2.0,7.0,59.0,2.0,0.0,0.0,0.0,28.0,216.0,8.0,0.0,48.0,0.0,0.0,13.0,95.0,8.0,0.0,4.466966092
101,0.0,3.0,5.0,11.0,6.0,2.0,1.0,1.0,1.0,10.0,1.0,8.0,0.0,18.0,0.0,0.0,8.0,586.0,1.0,0.0,5.380250227
102,0.0,7.0,2.0,25.0,29.0,1.0,1.0,1.0,1.0,25.0,66.0,1.0,1.0,171.0,0.0,0.0,30.0,19.0,8.0,0.0,5.41434959
103,0.0,4.0,5.0,30.0,39.0,2.0,1.0,0.0,1.0,56.0,1987.0,4.0,1.0,314.0,0.0,0.0,1.0,103.0,8.0,0.0,4.336143999
104,1.0,8.0,12.0,30.0,21.0,1.0,1.0,0.0,1.0,24.0,21.0,8.0,1.0,1014.0,1.0,0.0,6.0,61.0,8.0,1.0,5.312136309
105,1.0,5.0,12.0,26.0,60.0,2.0,1.0,1.0,1.0,51.0,73.0,2.0,1.0,393.0,0.0,0.0,31.0,109.0,8.0,0.0,4.923901495
106,0.0,14.0,12.0,9.0,22.0,1.0,1.0,1.0,0.0,3.0,542.0,4.0,0.0,63.0,0.0,0.0,13.0,484.0,16.0,0.0,4.526143778
107,0.0,15.0,4.0,19.0,42.0,16.0,1.0,0.0,1.0,13.0,980.0,4.0,0.0,237.0,0.0,0.0,11.0,204.0,8.0,0.0,4.563451688
108,1.0,12.0,10.0,14.0,41.0,2.0,1.0,1.0,1.0,11.0,680.0,2.0,1.0,172.0,0.0,0.0,1.0,892.0,32.0,1.0,4.532713583
109,0.0,10.0,1.0,12.0,27.0,1.0,1.0,0.0,1.0,5.0,1990.0,16.0,1.0,675.0,0.0,1.0,24.0,212.0,8.0,0.0,4.174303337
