tiling,unrolling,vectorize,omp,num_omp,ExecTime
1,1,0,1,1,0.0791626
2,1,0,1,1,0.127626
3,1,0,1,1,0.342635
4,1,0,1,1,0.340236
5,1,0,1,1,0.340601
7,1,0,1,1,0.34895
8,1,0,1,1,0.416114
16,1,0,1,1,0.342561
32,1,0,1,1,0.342307
64,1,0,1,1,0.342522
128,1,0,1,1,0.340658
256,1,0,1,1,0.129947
512,1,0,1,1,0.0755546
1,2,0,1,1,0.0794542
2,2,0,1,1,0.117582
3,2,0,1,1,0.176611
4,2,0,1,1,0.133443
5,2,0,1,1,0.153138
7,2,0,1,1,0.143528
8,2,0,1,1,0.13103
16,2,0,1,1,0.130286
32,2,0,1,1,0.130098
64,2,0,1,1,0.131241
128,2,0,1,1,0.132361
256,2,0,1,1,0.130501
512,2,0,1,1,0.0801994
1,3,0,1,1,0.0506592
2,3,0,1,1,0.126612
3,3,0,1,1,0.125253
4,3,0,1,1,0.158269
5,3,0,1,1,0.15683
7,3,0,1,1,0.130917
8,3,0,1,1,0.149293
16,3,0,1,1,0.122616
32,3,0,1,1,0.12053
64,3,0,1,1,0.100967
128,3,0,1,1,0.0901433
256,3,0,1,1,0.114371
512,3,0,1,1,0.0499204
1,4,0,1,1,0.0498156
2,4,0,1,1,0.126633
3,4,0,1,1,0.340184
4,4,0,1,1,0.135615
5,4,0,1,1,0.135102
7,4,0,1,1,0.169264
8,4,0,1,1,0.112955
16,4,0,1,1,0.132839
32,4,0,1,1,0.085679
64,4,0,1,1,0.13217
128,4,0,1,1,0.132168
256,4,0,1,1,0.132521
512,4,0,1,1,0.0980203
1,5,0,1,1,0.0529004
2,5,0,1,1,0.126732
3,5,0,1,1,0.34038
4,5,0,1,1,0.33974
5,5,0,1,1,0.110673
7,5,0,1,1,0.120301
8,5,0,1,1,0.160341
16,5,0,1,1,0.0957419
32,5,0,1,1,0.110805
64,5,0,1,1,0.111764
128,5,0,1,1,0.109151
256,5,0,1,1,0.108784
512,5,0,1,1,0.0780872
1,6,0,1,1,0.0713704
2,6,0,1,1,0.126691
3,6,0,1,1,0.340356
4,6,0,1,1,0.340256
5,6,0,1,1,0.343333
7,6,0,1,1,0.119743
8,6,0,1,1,0.147747
16,6,0,1,1,0.134724
32,6,0,1,1,0.113816
64,6,0,1,1,0.113668
128,6,0,1,1,0.088944
256,6,0,1,1,0.109608
512,6,0,1,1,0.0781978
1,7,0,1,1,0.0749139
2,7,0,1,1,0.127971
3,7,0,1,1,0.340435
4,7,0,1,1,0.339808
5,7,0,1,1,0.343328
7,7,0,1,1,0.0906424
8,7,0,1,1,0.113541
16,7,0,1,1,0.116712
32,7,0,1,1,0.102908
64,7,0,1,1,0.101479
128,7,0,1,1,0.102545
256,7,0,1,1,0.0928753
512,7,0,1,1,0.0713963
1,8,0,1,1,0.0511995
2,8,0,1,1,0.126641
3,8,0,1,1,0.340044
4,8,0,1,1,0.339658
5,8,0,1,1,0.342451
7,8,0,1,1,0.355199
8,8,0,1,1,0.0999788
16,8,0,1,1,0.0995094
32,8,0,1,1,0.0991766
64,8,0,1,1,0.0990431
128,8,0,1,1,0.0784767
256,8,0,1,1,0.0962575
512,8,0,1,1,0.0732946
1,16,0,1,1,0.0672503
2,16,0,1,1,0.126675
3,16,0,1,1,0.340385
4,16,0,1,1,0.339612
5,16,0,1,1,0.343778
7,16,0,1,1,0.34135
8,16,0,1,1,0.342065
16,16,0,1,1,0.0898688
32,16,0,1,1,0.0899738
64,16,0,1,1,0.0897772
128,16,0,1,1,0.0898099
256,16,0,1,1,0.0903001
512,16,0,1,1,0.0564854
1,31,0,1,1,0.0811726
2,31,0,1,1,0.126811
3,31,0,1,1,0.349087
4,31,0,1,1,0.34038
5,31,0,1,1,0.346695
7,31,0,1,1,0.363154
8,31,0,1,1,0.340968
16,31,0,1,1,0.344238
32,31,0,1,1,0.110981
64,31,0,1,1,0.110281
128,31,0,1,1,0.110119
256,31,0,1,1,0.109099
512,31,0,1,1,0.0790768
1,1,1,1,1,0.0756218
2,1,1,1,1,0.1265
3,1,1,1,1,0.214067
4,1,1,1,1,0.195279
5,1,1,1,1,0.184048
7,1,1,1,1,0.173472
8,1,1,1,1,0.169048
16,1,1,1,1,0.158231
32,1,1,1,1,0.151777
64,1,1,1,1,0.154489
128,1,1,1,1,0.148798
256,1,1,1,1,0.129966
512,1,1,1,1,0.075727
1,2,1,1,1,0.079468
2,2,1,1,1,0.0787916
3,2,1,1,1,0.14268
4,2,1,1,1,0.110599
5,2,1,1,1,0.117156
7,2,1,1,1,0.112398
8,2,1,1,1,0.105627
16,2,1,1,1,0.103132
32,2,1,1,1,0.103983
64,2,1,1,1,0.102492
128,2,1,1,1,0.102051
256,2,1,1,1,0.0988104
512,2,1,1,1,0.0798304
1,3,1,1,1,0.0719348
2,3,1,1,1,0.126225
3,3,1,1,1,0.105767
4,3,1,1,1,0.1217
5,3,1,1,1,0.121019
7,3,1,1,1,0.104353
8,3,1,1,1,0.11457
16,3,1,1,1,0.0998804
32,3,1,1,1,0.0979488
64,3,1,1,1,0.0954284
128,3,1,1,1,0.0948108
256,3,1,1,1,0.0941402
512,3,1,1,1,0.0715948
1,4,1,1,1,0.0713645
2,4,1,1,1,0.126751
3,4,1,1,1,0.222609
4,4,1,1,1,0.0770392
5,4,1,1,1,0.112785
7,4,1,1,1,0.119888
8,4,1,1,1,0.132811
16,4,1,1,1,0.0727469
32,4,1,1,1,0.13142
64,4,1,1,1,0.131244
128,4,1,1,1,0.131232
256,4,1,1,1,0.0871068
512,4,1,1,1,0.0978102
1,5,1,1,1,0.053475
2,5,1,1,1,0.126886
3,5,1,1,1,0.215371
4,5,1,1,1,0.195423
5,5,1,1,1,0.114027
7,5,1,1,1,0.115281
8,5,1,1,1,0.106925
16,5,1,1,1,0.105378
32,5,1,1,1,0.103713
64,5,1,1,1,0.0891076
128,5,1,1,1,0.101665
256,5,1,1,1,0.100189
512,5,1,1,1,0.0789296
1,6,1,1,1,0.0756404
2,6,1,1,1,0.126658
3,6,1,1,1,0.239907
4,6,1,1,1,0.195181
5,6,1,1,1,0.184095
7,6,1,1,1,0.102699
8,6,1,1,1,0.101933
16,6,1,1,1,0.104047
32,6,1,1,1,0.0948202
64,6,1,1,1,0.0942159
128,6,1,1,1,0.0921506
256,6,1,1,1,0.0700162
512,6,1,1,1,0.075465
1,7,1,1,1,0.0665091
2,7,1,1,1,0.126849
3,7,1,1,1,0.216163
4,7,1,1,1,0.195812
5,7,1,1,1,0.184329
7,7,1,1,1,0.0959246
8,7,1,1,1,0.08284
16,7,1,1,1,0.0987711
32,7,1,1,1,0.0926274
64,7,1,1,1,0.0717434
128,7,1,1,1,0.0864836
256,7,1,1,1,0.0729152
512,7,1,1,1,0.0713364
1,8,1,1,1,0.0736714
2,8,1,1,1,0.126607
3,8,1,1,1,0.214564
4,8,1,1,1,0.1957
5,8,1,1,1,0.184686
7,8,1,1,1,0.173473
8,8,1,1,1,0.0945366
16,8,1,1,1,0.0900614
32,8,1,1,1,0.0861764
64,8,1,1,1,0.0867808
128,8,1,1,1,0.0854211
256,8,1,1,1,0.0864242
512,8,1,1,1,0.0733671
1,16,1,1,1,0.067284
2,16,1,1,1,0.126723
3,16,1,1,1,0.215229
4,16,1,1,1,0.195958
5,16,1,1,1,0.187627
7,16,1,1,1,0.175768
8,16,1,1,1,0.171915
16,16,1,1,1,0.0763548
32,16,1,1,1,0.0694728
64,16,1,1,1,0.064982
128,16,1,1,1,0.0623909
256,16,1,1,1,0.0623205
512,16,1,1,1,0.0562854
1,31,1,1,1,0.081559
2,31,1,1,1,0.126658
3,31,1,1,1,0.216144
4,31,1,1,1,0.20241
5,31,1,1,1,0.184582
7,31,1,1,1,0.174289
8,31,1,1,1,0.171236
16,31,1,1,1,0.159071
32,31,1,1,1,0.0899674
64,31,1,1,1,0.0868758
128,31,1,1,1,0.0860168
256,31,1,1,1,0.0852261
512,31,1,1,1,0.0790286
1,1,0,1,2,0.0389381
2,1,0,1,2,0.0662519
3,1,0,1,2,0.177836
4,1,0,1,2,0.178543
5,1,0,1,2,0.178888
7,1,0,1,2,0.177969
8,1,0,1,2,0.17848
16,1,0,1,2,0.179412
32,1,0,1,2,0.180215
64,1,0,1,2,0.180417
128,1,0,1,2,0.180598
256,1,0,1,2,0.068593
512,1,0,1,2,0.0757042
1,2,0,1,2,0.0415018
2,2,0,1,2,0.061326
3,2,0,1,2,0.0934644
4,2,0,1,2,0.0695068
5,2,0,1,2,0.0794442
7,2,0,1,2,0.0762763
8,2,0,1,2,0.0694034
16,2,0,1,2,0.0684683
32,2,0,1,2,0.0692024
64,2,0,1,2,0.0691222
128,2,0,1,2,0.0696322
256,2,0,1,2,0.0688075
512,2,0,1,2,0.0845916
1,3,0,1,2,0.0407146
2,3,0,1,2,0.0666444
3,3,0,1,2,0.0646459
4,3,0,1,2,0.0831198
5,3,0,1,2,0.086683
7,3,0,1,2,0.067701
8,3,0,1,2,0.0791588
16,3,0,1,2,0.0642889
32,3,0,1,2,0.0634166
64,3,0,1,2,0.0612692
128,3,0,1,2,0.0585446
256,3,0,1,2,0.0599356
512,3,0,1,2,0.0601543
1,4,0,1,2,0.050713
2,4,0,1,2,0.066708
3,4,0,1,2,0.178108
4,4,0,1,2,0.0700048
5,4,0,1,2,0.0683196
7,4,0,1,2,0.0896241
8,4,0,1,2,0.0704576
16,4,0,1,2,0.0696363
32,4,0,1,2,0.0703877
64,4,0,1,2,0.0689146
128,4,0,1,2,0.068871
256,4,0,1,2,0.0694037
512,4,0,1,2,0.0862264
1,5,0,1,2,0.0403058
2,5,0,1,2,0.0660686
3,5,0,1,2,0.176139
4,5,0,1,2,0.177394
5,5,0,1,2,0.0572644
7,5,0,1,2,0.07392
8,5,0,1,2,0.083919
16,5,0,1,2,0.057147
32,5,0,1,2,0.0579889
64,5,0,1,2,0.0589091
128,5,0,1,2,0.0572025
256,5,0,1,2,0.0569916
512,5,0,1,2,0.0782618
1,6,0,1,2,0.0283207
2,6,0,1,2,0.0669654
3,6,0,1,2,0.177965
4,6,0,1,2,0.178421
5,6,0,1,2,0.176802
7,6,0,1,2,0.062741
8,6,0,1,2,0.0705949
16,6,0,1,2,0.0691086
32,6,0,1,2,0.0613306
64,6,0,1,2,0.058829
128,6,0,1,2,0.0568782
256,6,0,1,2,0.0572418
512,6,0,1,2,0.0604434
1,7,0,1,2,0.0373674
2,7,0,1,2,0.0663724
3,7,0,1,2,0.198908
4,7,0,1,2,0.17775
5,7,0,1,2,0.179883
7,7,0,1,2,0.0531298
8,7,0,1,2,0.0631499
16,7,0,1,2,0.0611908
32,7,0,1,2,0.0630948
64,7,0,1,2,0.054348
128,7,0,1,2,0.0538782
256,7,0,1,2,0.0546864
512,7,0,1,2,0.0744534
1,8,0,1,2,0.041656
2,8,0,1,2,0.0661771
3,8,0,1,2,0.178316
4,8,0,1,2,0.177853
5,8,0,1,2,0.183707
7,8,0,1,2,0.179323
8,8,0,1,2,0.0551752
16,8,0,1,2,0.0517651
32,8,0,1,2,0.0515831
64,8,0,1,2,0.0424193
128,8,0,1,2,0.052068
256,8,0,1,2,0.0526954
512,8,0,1,2,0.0734576
1,16,0,1,2,0.0361534
2,16,0,1,2,0.0665422
3,16,0,1,2,0.178565
4,16,0,1,2,0.178441
5,16,0,1,2,0.179979
7,16,0,1,2,0.1794
8,16,0,1,2,0.18046
16,16,0,1,2,0.0471328
32,16,0,1,2,0.0473309
64,16,0,1,2,0.0469434
128,16,0,1,2,0.0474284
256,16,0,1,2,0.0487462
512,16,0,1,2,0.0561885
1,31,0,1,2,0.0425965
2,31,0,1,2,0.0664641
3,31,0,1,2,0.17768
4,31,0,1,2,0.177303
5,31,0,1,2,0.178784
7,31,0,1,2,0.178098
8,31,0,1,2,0.180444
16,31,0,1,2,0.180945
32,31,0,1,2,0.0576542
64,31,0,1,2,0.0578542
128,31,0,1,2,0.0569504
256,31,0,1,2,0.0568717
512,31,0,1,2,0.0791458
1,1,1,1,2,0.0392455
2,1,1,1,2,0.0657848
3,1,1,1,2,0.121996
4,1,1,1,2,0.101103
5,1,1,1,2,0.0950055
7,1,1,1,2,0.0913207
8,1,1,1,2,0.089076
16,1,1,1,2,0.0835786
32,1,1,1,2,0.0801143
64,1,1,1,2,0.08144
128,1,1,1,2,0.0785782
256,1,1,1,2,0.0685375
512,1,1,1,2,0.0756479
1,2,1,1,2,0.0409923
2,2,1,1,2,0.0402688
3,2,1,1,2,0.0709903
4,2,1,1,2,0.0565276
5,2,1,1,2,0.059727
7,2,1,1,2,0.0569065
8,2,1,1,2,0.0547001
16,2,1,1,2,0.0534372
32,2,1,1,2,0.0559606
64,2,1,1,2,0.0531686
128,2,1,1,2,0.0527091
256,2,1,1,2,0.0522423
512,2,1,1,2,0.0798581
1,3,1,1,2,0.037271
2,3,1,1,2,0.0660916
3,3,1,1,2,0.0551796
4,3,1,1,2,0.0629894
5,3,1,1,2,0.062834
7,3,1,1,2,0.0530574
8,3,1,1,2,0.0567916
16,3,1,1,2,0.0535092
32,3,1,1,2,0.0518882
64,3,1,1,2,0.0495566
128,3,1,1,2,0.050186
256,3,1,1,2,0.0496541
512,3,1,1,2,0.071782
1,4,1,1,2,0.0517626
2,4,1,1,2,0.0666136
3,4,1,1,2,0.112675
4,4,1,1,2,0.0697828
5,4,1,1,2,0.0586518
7,4,1,1,2,0.0642583
8,4,1,1,2,0.0701194
16,4,1,1,2,0.0696063
32,4,1,1,2,0.0684744
64,4,1,1,2,0.0691424
128,4,1,1,2,0.0691109
256,4,1,1,2,0.0567464
512,4,1,1,2,0.0979704
1,5,1,1,2,0.0400876
2,5,1,1,2,0.0670353
3,5,1,1,2,0.112997
4,5,1,1,2,0.102498
5,5,1,1,2,0.058877
7,5,1,1,2,0.0647262
8,5,1,1,2,0.0623522
16,5,1,1,2,0.0551326
32,5,1,1,2,0.0553477
64,5,1,1,2,0.0540272
128,5,1,1,2,0.0537954
256,5,1,1,2,0.053451
512,5,1,1,2,0.0791355
1,6,1,1,2,0.040247
2,6,1,1,2,0.0659805
3,6,1,1,2,0.112784
4,6,1,1,2,0.10241
5,6,1,1,2,0.0960452
7,6,1,1,2,0.053067
8,6,1,1,2,0.0570588
16,6,1,1,2,0.0550695
32,6,1,1,2,0.0507157
64,6,1,1,2,0.0496294
128,6,1,1,2,0.0459598
256,6,1,1,2,0.044122
512,6,1,1,2,0.0755891
1,7,1,1,2,0.0375043
2,7,1,1,2,0.0651073
3,7,1,1,2,0.113734
4,7,1,1,2,0.102054
5,7,1,1,2,0.0961801
7,7,1,1,2,0.0498084
8,7,1,1,2,0.0476338
16,7,1,1,2,0.0525698
32,7,1,1,2,0.0498076
64,7,1,1,2,0.0489586
128,7,1,1,2,0.0461231
256,7,1,1,2,0.0457626
512,7,1,1,2,0.0716792
1,8,1,1,2,0.0347378
2,8,1,1,2,0.066454
3,8,1,1,2,0.112988
4,8,1,1,2,0.10415
5,8,1,1,2,0.0972834
7,8,1,1,2,0.092863
8,8,1,1,2,0.0528459
16,8,1,1,2,0.0473373
32,8,1,1,2,0.0343086
64,8,1,1,2,0.0457017
128,8,1,1,2,0.0452108
256,8,1,1,2,0.0455741
512,8,1,1,2,0.073387
1,16,1,1,2,0.035697
2,16,1,1,2,0.0664954
3,16,1,1,2,0.11328
4,16,1,1,2,0.102487
5,16,1,1,2,0.0951595
7,16,1,1,2,0.0922481
8,16,1,1,2,0.089779
16,16,1,1,2,0.040579
32,16,1,1,2,0.0368824
64,16,1,1,2,0.034384
128,16,1,1,2,0.0336454
256,16,1,1,2,0.0314388
512,16,1,1,2,0.0565202
1,31,1,1,2,0.0424708
2,31,1,1,2,0.065522
3,31,1,1,2,0.112713
4,31,1,1,2,0.103379
5,31,1,1,2,0.0969902
7,31,1,1,2,0.0914807
8,31,1,1,2,0.0899292
16,31,1,1,2,0.084671
32,31,1,1,2,0.0471664
64,31,1,1,2,0.0455862
128,31,1,1,2,0.0450204
256,31,1,1,2,0.0466306
512,31,1,1,2,0.079307
1,1,0,1,3,0.0276878
2,1,0,1,3,0.0461546
3,1,0,1,3,0.127191
4,1,0,1,3,0.129633
5,1,0,1,3,0.146033
7,1,0,1,3,0.125909
8,1,0,1,3,0.124853
16,1,0,1,3,0.130877
32,1,0,1,3,0.140308
64,1,0,1,3,0.142398
128,1,0,1,3,0.18178
256,1,0,1,3,0.0688978
512,1,0,1,3,0.0756515
1,2,0,1,3,0.0287644
2,2,0,1,3,0.0424528
3,2,0,1,3,0.0645258
4,2,0,1,3,0.0484581
5,2,0,1,3,0.0565068
7,2,0,1,3,0.0525807
8,2,0,1,3,0.0478694
16,2,0,1,3,0.0493258
32,2,0,1,3,0.0535108
64,2,0,1,3,0.0539853
128,2,0,1,3,0.0698561
256,2,0,1,3,0.069498
512,2,0,1,3,0.0794836
1,3,0,1,3,0.0262866
2,3,0,1,3,0.0461103
3,3,0,1,3,0.0455278
4,3,0,1,3,0.0573094
5,3,0,1,3,0.0607964
7,3,0,1,3,0.0446316
8,3,0,1,3,0.0546359
16,3,0,1,3,0.0461964
32,3,0,1,3,0.0423474
64,3,0,1,3,0.0471314
128,3,0,1,3,0.061148
256,3,0,1,3,0.0604736
512,3,0,1,3,0.0718857
1,4,0,1,3,0.0181256
2,4,0,1,3,0.0466946
3,4,0,1,3,0.125833
4,4,0,1,3,0.0483404
5,4,0,1,3,0.04916
7,4,0,1,3,0.0616748
8,4,0,1,3,0.0476128
16,4,0,1,3,0.0410832
32,4,0,1,3,0.0533004
64,4,0,1,3,0.0536888
128,4,0,1,3,0.0696174
256,4,0,1,3,0.0703292
512,4,0,1,3,0.0525368
1,5,0,1,3,0.0280926
2,5,0,1,3,0.0463472
3,5,0,1,3,0.126845
4,5,0,1,3,0.137923
5,5,0,1,3,0.0407956
7,5,0,1,3,0.0510136
8,5,0,1,3,0.058642
16,5,0,1,3,0.0413586
32,5,0,1,3,0.0450424
64,5,0,1,3,0.045959
128,5,0,1,3,0.0557853
256,5,0,1,3,0.0550588
512,5,0,1,3,0.0782768
1,6,0,1,3,0.027797
2,6,0,1,3,0.0464572
3,6,0,1,3,0.125887
4,6,0,1,3,0.125365
5,6,0,1,3,0.127736
7,6,0,1,3,0.0438898
8,6,0,1,3,0.0514754
16,6,0,1,3,0.0512308
32,6,0,1,3,0.0393242
64,6,0,1,3,0.0464312
128,6,0,1,3,0.0536062
256,6,0,1,3,0.0584054
512,6,0,1,3,0.0700968
1,7,0,1,3,0.0264202
2,7,0,1,3,0.046574
3,7,0,1,3,0.125428
4,7,0,1,3,0.124948
5,7,0,1,3,0.127708
7,7,0,1,3,0.0375696
8,7,0,1,3,0.0430606
16,7,0,1,3,0.044043
32,7,0,1,3,0.0414883
64,7,0,1,3,0.0423109
128,7,0,1,3,0.0543249
256,7,0,1,3,0.0537494
512,7,0,1,3,0.071584
1,8,0,1,3,0.0269686
2,8,0,1,3,0.0462322
3,8,0,1,3,0.125405
4,8,0,1,3,0.126186
5,8,0,1,3,0.128021
7,8,0,1,3,0.126161
8,8,0,1,3,0.039029
16,8,0,1,3,0.0376962
32,8,0,1,3,0.0432622
64,8,0,1,3,0.0400895
128,8,0,1,3,0.0546752
256,8,0,1,3,0.0522344
512,8,0,1,3,0.0759194
1,16,0,1,3,0.0280306
2,16,0,1,3,0.046194
3,16,0,1,3,0.12579
4,16,0,1,3,0.125812
5,16,0,1,3,0.127495
7,16,0,1,3,0.125757
8,16,0,1,3,0.127289
16,16,0,1,3,0.0345534
32,16,0,1,3,0.0369052
64,16,0,1,3,0.0369133
128,16,0,1,3,0.047793
256,16,0,1,3,0.047881
512,16,0,1,3,0.0565999
1,31,0,1,3,0.032847
2,31,0,1,3,0.0466604
3,31,0,1,3,0.126861
4,31,0,1,3,0.127123
5,31,0,1,3,0.127908
7,31,0,1,3,0.126608
8,31,0,1,3,0.126127
16,31,0,1,3,0.13327
32,31,0,1,3,0.0447684
64,31,0,1,3,0.0446628
128,31,0,1,3,0.0633212
256,31,0,1,3,0.0570074
512,31,0,1,3,0.078731
1,1,1,1,3,0.0277762
2,1,1,1,3,0.0464396
3,1,1,1,3,0.07873
4,1,1,1,3,0.071534
5,1,1,1,3,0.0684544
7,1,1,1,3,0.0641477
8,1,1,1,3,0.0616054
16,1,1,1,3,0.060188
32,1,1,1,3,0.0622043
64,1,1,1,3,0.0634928
128,1,1,1,3,0.0790508
256,1,1,1,3,0.0689258
512,1,1,1,3,0.0755898
1,2,1,1,3,0.0289997
2,2,1,1,3,0.0274558
3,2,1,1,3,0.0491412
4,2,1,1,3,0.0392856
5,2,1,1,3,0.042536
7,2,1,1,3,0.0399172
8,2,1,1,3,0.0376287
16,2,1,1,3,0.0380006
32,2,1,1,3,0.0415018
64,2,1,1,3,0.0407523
128,2,1,1,3,0.0528888
256,2,1,1,3,0.0527456
512,2,1,1,3,0.0805099
1,3,1,1,3,0.0235668
2,3,1,1,3,0.0460346
3,3,1,1,3,0.0384651
4,3,1,1,3,0.0444142
5,3,1,1,3,0.0446362
7,3,1,1,3,0.0378213
8,3,1,1,3,0.0413265
16,3,1,1,3,0.0376541
32,3,1,1,3,0.0417976
64,3,1,1,3,0.0395318
128,3,1,1,3,0.0502738
256,3,1,1,3,0.0503624
512,3,1,1,3,0.0520718
1,4,1,1,3,0.0354814
2,4,1,1,3,0.0468476
3,4,1,1,3,0.0781273
4,4,1,1,3,0.0475704
5,4,1,1,3,0.041371
7,4,1,1,3,0.0445021
8,4,1,1,3,0.0479946
16,4,1,1,3,0.0495654
32,4,1,1,3,0.0531805
64,4,1,1,3,0.0516592
128,4,1,1,3,0.0699551
256,4,1,1,3,0.0690654
512,4,1,1,3,0.073809
1,5,1,1,3,0.0283942
2,5,1,1,3,0.0464354
3,5,1,1,3,0.0781856
4,5,1,1,3,0.0714294
5,5,1,1,3,0.0418722
7,5,1,1,3,0.041865
8,5,1,1,3,0.0406813
16,5,1,1,3,0.0400492
32,5,1,1,3,0.0422163
64,5,1,1,3,0.0422046
128,5,1,1,3,0.0568143
256,5,1,1,3,0.0537592
512,5,1,1,3,0.0792216
1,6,1,1,3,0.0319077
2,6,1,1,3,0.046137
3,6,1,1,3,0.0786302
4,6,1,1,3,0.0716428
5,6,1,1,3,0.0676834
7,6,1,1,3,0.0369158
8,6,1,1,3,0.0397818
16,6,1,1,3,0.0395979
32,6,1,1,3,0.0384804
64,6,1,1,3,0.0376193
128,6,1,1,3,0.0488971
256,6,1,1,3,0.0489532
512,6,1,1,3,0.0757616
1,7,1,1,3,0.0259745
2,7,1,1,3,0.0459074
3,7,1,1,3,0.0797687
4,7,1,1,3,0.0712978
5,7,1,1,3,0.0684759
7,7,1,1,3,0.0346771
8,7,1,1,3,0.0400434
16,7,1,1,3,0.0373324
32,7,1,1,3,0.038277
64,7,1,1,3,0.0364621
128,7,1,1,3,0.0461223
256,7,1,1,3,0.044226
512,7,1,1,3,0.0579653
1,8,1,1,3,0.0269974
2,8,1,1,3,0.046069
3,8,1,1,3,0.0785721
4,8,1,1,3,0.0717132
5,8,1,1,3,0.0685854
7,8,1,1,3,0.0634488
8,8,1,1,3,0.0344488
16,8,1,1,3,0.0342044
32,8,1,1,3,0.0353266
64,8,1,1,3,0.0297698
128,8,1,1,3,0.0456268
256,8,1,1,3,0.0451922
512,8,1,1,3,0.0626893
1,16,1,1,3,0.0261363
2,16,1,1,3,0.0463446
3,16,1,1,3,0.0791196
4,16,1,1,3,0.0721775
5,16,1,1,3,0.0683271
7,16,1,1,3,0.0633671
8,16,1,1,3,0.0624567
16,16,1,1,3,0.0285724
32,16,1,1,3,0.0283186
64,16,1,1,3,0.0265606
128,16,1,1,3,0.0334716
256,16,1,1,3,0.0322112
512,16,1,1,3,0.0565475
1,31,1,1,3,0.0330168
2,31,1,1,3,0.0461378
3,31,1,1,3,0.0787899
4,31,1,1,3,0.0779259
5,31,1,1,3,0.0687346
7,31,1,1,3,0.0638391
8,31,1,1,3,0.0625172
16,31,1,1,3,0.0606014
32,31,1,1,3,0.0364688
64,31,1,1,3,0.036674
128,31,1,1,3,0.0452376
256,31,1,1,3,0.0457362
512,31,1,1,3,0.0791246
1,1,0,1,4,0.023215
2,1,0,1,4,0.0357774
3,1,0,1,4,0.0976839
4,1,0,1,4,0.0984978
5,1,0,1,4,0.0979444
7,1,0,1,4,0.0978194
8,1,0,1,4,0.0982609
16,1,0,1,4,0.0995902
32,1,0,1,4,0.100108
64,1,0,1,4,0.0993376
128,1,0,1,4,0.10051
256,1,0,1,4,0.0691242
512,1,0,1,4,0.0758018
1,2,0,1,4,0.0224607
2,2,0,1,4,0.0330908
3,2,0,1,4,0.0502828
4,2,0,1,4,0.0387349
5,2,0,1,4,0.0424337
7,2,0,1,4,0.0405815
8,2,0,1,4,0.0379125
16,2,0,1,4,0.036841
32,2,0,1,4,0.037256
64,2,0,1,4,0.0373304
128,2,0,1,4,0.0374566
256,2,0,1,4,0.0699122
512,2,0,1,4,0.080544
1,3,0,1,4,0.0203152
2,3,0,1,4,0.0360557
3,3,0,1,4,0.0352274
4,3,0,1,4,0.0448866
5,3,0,1,4,0.0448059
7,3,0,1,4,0.0365243
8,3,0,1,4,0.0432881
16,3,0,1,4,0.0331128
32,3,0,1,4,0.0339791
64,3,0,1,4,0.032693
128,3,0,1,4,0.0326014
256,3,0,1,4,0.060927
512,3,0,1,4,0.0720386
1,4,0,1,4,0.0271734
2,4,0,1,4,0.035621
3,4,0,1,4,0.0979467
4,4,0,1,4,0.0379494
5,4,0,1,4,0.0378126
7,4,0,1,4,0.0475239
8,4,0,1,4,0.03751
16,4,0,1,4,0.0368949
32,4,0,1,4,0.038078
64,4,0,1,4,0.0370625
128,4,0,1,4,0.0371186
256,4,0,1,4,0.0692094
512,4,0,1,4,0.0981183
1,5,0,1,4,0.0212615
2,5,0,1,4,0.0355523
3,5,0,1,4,0.0970539
4,5,0,1,4,0.0985815
5,5,0,1,4,0.0307408
7,5,0,1,4,0.0393198
8,5,0,1,4,0.0456971
16,5,0,1,4,0.0304574
32,5,0,1,4,0.0316726
64,5,0,1,4,0.0315728
128,5,0,1,4,0.0308138
256,5,0,1,4,0.053169
512,5,0,1,4,0.0784638
1,6,0,1,4,0.02119
2,6,0,1,4,0.0363162
3,6,0,1,4,0.0979058
4,6,0,1,4,0.0992516
5,6,0,1,4,0.0969562
7,6,0,1,4,0.0336724
8,6,0,1,4,0.0395567
16,6,0,1,4,0.0384873
32,6,0,1,4,0.0318842
64,6,0,1,4,0.0317446
128,6,0,1,4,0.0307346
256,6,0,1,4,0.0580784
512,6,0,1,4,0.0757003
1,7,0,1,4,0.0200706
2,7,0,1,4,0.0362518
3,7,0,1,4,0.0969234
4,7,0,1,4,0.0982452
5,7,0,1,4,0.099813
7,7,0,1,4,0.030438
8,7,0,1,4,0.0334416
16,7,0,1,4,0.0328976
32,7,0,1,4,0.0319928
64,7,0,1,4,0.0292834
128,7,0,1,4,0.0290859
256,7,0,1,4,0.0543034
512,7,0,1,4,0.0716366
1,8,0,1,4,0.0209284
2,8,0,1,4,0.0360929
3,8,0,1,4,0.0966036
4,8,0,1,4,0.0983991
5,8,0,1,4,0.0986892
7,8,0,1,4,0.0974202
8,8,0,1,4,0.028132
16,8,0,1,4,0.028328
32,8,0,1,4,0.0278669
64,8,0,1,4,0.0280494
128,8,0,1,4,0.0281052
256,8,0,1,4,0.0523884
512,8,0,1,4,0.0736073
1,16,0,1,4,0.0199371
2,16,0,1,4,0.0363454
3,16,0,1,4,0.0963794
4,16,0,1,4,0.0987478
5,16,0,1,4,0.0984009
7,16,0,1,4,0.0985552
8,16,0,1,4,0.0987349
16,16,0,1,4,0.0259973
32,16,0,1,4,0.0259786
64,16,0,1,4,0.0259721
128,16,0,1,4,0.0260032
256,16,0,1,4,0.0483002
512,16,0,1,4,0.0567784
1,31,0,1,4,0.0234212
2,31,0,1,4,0.0355472
3,31,0,1,4,0.0976356
4,31,0,1,4,0.0978766
5,31,0,1,4,0.0983606
7,31,0,1,4,0.0974567
8,31,0,1,4,0.10212
16,31,0,1,4,0.099757
32,31,0,1,4,0.0311209
64,31,0,1,4,0.0310366
128,31,0,1,4,0.0318146
256,31,0,1,4,0.0572841
512,31,0,1,4,0.0793316
1,1,1,1,4,0.0213714
2,1,1,1,4,0.0359596
3,1,1,1,4,0.0607644
4,1,1,1,4,0.0560428
5,1,1,1,4,0.0514992
7,1,1,1,4,0.0487376
8,1,1,1,4,0.0483316
16,1,1,1,4,0.0453725
32,1,1,1,4,0.043562
64,1,1,1,4,0.0443868
128,1,1,1,4,0.0424873
256,1,1,1,4,0.0692424
512,1,1,1,4,0.0760632
1,2,1,1,4,0.0221724
2,2,1,1,4,0.0214572
3,2,1,1,4,0.0403204
4,2,1,1,4,0.032297
5,2,1,1,4,0.0317974
7,2,1,1,4,0.030937
8,2,1,1,4,0.0293371
16,2,1,1,4,0.0285312
32,2,1,1,4,0.028866
64,2,1,1,4,0.0285171
128,2,1,1,4,0.0280782
256,2,1,1,4,0.0525526
512,2,1,1,4,0.0805362
1,3,1,1,4,0.0204988
2,3,1,1,4,0.0357778
3,3,1,1,4,0.0292822
4,3,1,1,4,0.0345394
5,3,1,1,4,0.0336933
7,3,1,1,4,0.0288134
8,3,1,1,4,0.0320701
16,3,1,1,4,0.0281741
32,3,1,1,4,0.0297402
64,3,1,1,4,0.0271862
128,3,1,1,4,0.0292182
256,3,1,1,4,0.049481
512,3,1,1,4,0.0682895
1,4,1,1,4,0.026946
2,4,1,1,4,0.0372065
3,4,1,1,4,0.0608902
4,4,1,1,4,0.0407048
5,4,1,1,4,0.0313754
7,4,1,1,4,0.0360686
8,4,1,1,4,0.037205
16,4,1,1,4,0.0384082
32,4,1,1,4,0.0368388
64,4,1,1,4,0.0397706
128,4,1,1,4,0.039264
256,4,1,1,4,0.0693416
512,4,1,1,4,0.0544678
1,5,1,1,4,0.0216358
2,5,1,1,4,0.0414606
3,5,1,1,4,0.0610462
4,5,1,1,4,0.0558669
5,5,1,1,4,0.0318146
7,5,1,1,4,0.0323161
8,5,1,1,4,0.0347836
16,5,1,1,4,0.029706
32,5,1,1,4,0.029327
64,5,1,1,4,0.0292956
128,5,1,1,4,0.0291422
256,5,1,1,4,0.0531804
512,5,1,1,4,0.0792442
1,6,1,1,4,0.0211959
2,6,1,1,4,0.0358296
3,6,1,1,4,0.0610866
4,6,1,1,4,0.0558325
5,6,1,1,4,0.0514628
7,6,1,1,4,0.0291068
8,6,1,1,4,0.0308988
16,6,1,1,4,0.0296377
32,6,1,1,4,0.0270982
64,6,1,1,4,0.026895
128,6,1,1,4,0.0266866
256,6,1,1,4,0.0491046
512,6,1,1,4,0.0541116
1,7,1,1,4,0.019517
2,7,1,1,4,0.0359382
3,7,1,1,4,0.0610056
4,7,1,1,4,0.0560274
5,7,1,1,4,0.0514258
7,7,1,1,4,0.0268151
8,7,1,1,4,0.0310675
16,7,1,1,4,0.0280538
32,7,1,1,4,0.0262892
64,7,1,1,4,0.0251982
128,7,1,1,4,0.024577
256,7,1,1,4,0.0442896
512,7,1,1,4,0.0706942
1,8,1,1,4,0.0210851
2,8,1,1,4,0.0362638
3,8,1,1,4,0.0605446
4,8,1,1,4,0.0563528
5,8,1,1,4,0.0524805
7,8,1,1,4,0.0494022
8,8,1,1,4,0.0269152
16,8,1,1,4,0.025336
32,8,1,1,4,0.0247436
64,8,1,1,4,0.0244483
128,8,1,1,4,0.0241059
256,8,1,1,4,0.045308
512,8,1,1,4,0.059412
1,16,1,1,4,0.0195476
2,16,1,1,4,0.0363458
3,16,1,1,4,0.061242
4,16,1,1,4,0.0593893
5,16,1,1,4,0.0521937
7,16,1,1,4,0.048937
8,16,1,1,4,0.0489371
16,16,1,1,4,0.0217574
32,16,1,1,4,0.0198774
64,16,1,1,4,0.0184603
128,16,1,1,4,0.0181537
256,16,1,1,4,0.0327058
512,16,1,1,4,0.0566794
1,31,1,1,4,0.0229478
2,31,1,1,4,0.0356162
3,31,1,1,4,0.0611824
4,31,1,1,4,0.056326
5,31,1,1,4,0.051737
7,31,1,1,4,0.0494342
8,31,1,1,4,0.0484329
16,31,1,1,4,0.0485434
32,31,1,1,4,0.026489
64,31,1,1,4,0.024571
128,31,1,1,4,0.02439
256,31,1,1,4,0.044469
512,31,1,1,4,0.079361
1,1,0,1,6,0.0150326
2,1,0,1,6,0.0253938
3,1,0,1,6,0.0700814
4,1,0,1,6,0.0692925
5,1,0,1,6,0.070267
7,1,0,1,6,0.0695943
8,1,0,1,6,0.0722529
16,1,0,1,6,0.0783474
32,1,0,1,6,0.0778186
64,1,0,1,6,0.0993319
128,1,0,1,6,0.0998168
256,1,0,1,6,0.0688438
512,1,0,1,6,0.0759916
1,2,0,1,6,0.0156394
2,2,0,1,6,0.0233172
3,2,0,1,6,0.0352098
4,2,0,1,6,0.0266716
5,2,0,1,6,0.0309893
7,2,0,1,6,0.028712
8,2,0,1,6,0.0269062
16,2,0,1,6,0.0291785
32,2,0,1,6,0.028729
64,2,0,1,6,0.0369246
128,2,0,1,6,0.037616
256,2,0,1,6,0.0689718
512,2,0,1,6,0.0805529
1,3,0,1,6,0.0143328
2,3,0,1,6,0.0252972
3,3,0,1,6,0.0245734
4,3,0,1,6,0.0292624
5,3,0,1,6,0.0339594
7,3,0,1,6,0.0254484
8,3,0,1,6,0.0306002
16,3,0,1,6,0.0272751
32,3,0,1,6,0.0263899
64,3,0,1,6,0.0329328
128,3,0,1,6,0.0324566
256,3,0,1,6,0.0603166
512,3,0,1,6,0.0721712
1,4,0,1,6,0.0187137
2,4,0,1,6,0.025494
3,4,0,1,6,0.0691917
4,4,0,1,6,0.0261806
5,4,0,1,6,0.0267974
7,4,0,1,6,0.0338581
8,4,0,1,6,0.0268094
16,4,0,1,6,0.0292682
32,4,0,1,6,0.0286176
64,4,0,1,6,0.037446
128,4,0,1,6,0.0372284
256,4,0,1,6,0.0702092
512,4,0,1,6,0.0984542
1,5,0,1,6,0.0153864
2,5,0,1,6,0.0252164
3,5,0,1,6,0.0699019
4,5,0,1,6,0.0694954
5,5,0,1,6,0.022016
7,5,0,1,6,0.0275784
8,5,0,1,6,0.0334064
16,5,0,1,6,0.02419
32,5,0,1,6,0.024487
64,5,0,1,6,0.0323743
128,5,0,1,6,0.0313746
256,5,0,1,6,0.0582112
512,5,0,1,6,0.0784888
1,6,0,1,6,0.015213
2,6,0,1,6,0.0256516
3,6,0,1,6,0.072617
4,6,0,1,6,0.0697208
5,6,0,1,6,0.0713279
7,6,0,1,6,0.023533
8,6,0,1,6,0.0287843
16,6,0,1,6,0.0298554
32,6,0,1,6,0.0249684
64,6,0,1,6,0.0319572
128,6,0,1,6,0.0314086
256,6,0,1,6,0.0576852
512,6,0,1,6,0.0756019
1,7,0,1,6,0.014198
2,7,0,1,6,0.025507
3,7,0,1,6,0.0694222
4,7,0,1,6,0.0698934
5,7,0,1,6,0.0712492
7,7,0,1,6,0.0202707
8,7,0,1,6,0.0244411
16,7,0,1,6,0.0257821
32,7,0,1,6,0.0253764
64,7,0,1,6,0.0295313
128,7,0,1,6,0.0290277
256,7,0,1,6,0.054087
512,7,0,1,6,0.0579998
1,8,0,1,6,0.0152926
2,8,0,1,6,0.0254338
3,8,0,1,6,0.0696558
4,8,0,1,6,0.0696031
5,8,0,1,6,0.0710302
7,8,0,1,6,0.0703326
8,8,0,1,6,0.0233369
16,8,0,1,6,0.0219735
32,8,0,1,6,0.0242123
64,8,0,1,6,0.0279006
128,8,0,1,6,0.02993
256,8,0,1,6,0.0523835
512,8,0,1,6,0.0762165
1,16,0,1,6,0.0165875
2,16,0,1,6,0.025673
3,16,0,1,6,0.070911
4,16,0,1,6,0.071834
5,16,0,1,6,0.0705746
7,16,0,1,6,0.0697602
8,16,0,1,6,0.0729632
16,16,0,1,6,0.021319
32,16,0,1,6,0.0204379
64,16,0,1,6,0.0261183
128,16,0,1,6,0.0259556
256,16,0,1,6,0.0484342
512,16,0,1,6,0.0566438
1,31,0,1,6,0.0181006
2,31,0,1,6,0.0250232
3,31,0,1,6,0.0701736
4,31,0,1,6,0.0696784
5,31,0,1,6,0.071372
7,31,0,1,6,0.0695167
8,31,0,1,6,0.0726475
16,31,0,1,6,0.0785378
32,31,0,1,6,0.0246016
64,31,0,1,6,0.0318302
128,31,0,1,6,0.0313615
256,31,0,1,6,0.0579139
512,31,0,1,6,0.0796978
1,1,1,1,6,0.0149742
2,1,1,1,6,0.0252716
3,1,1,1,6,0.0431022
4,1,1,1,6,0.0390282
5,1,1,1,6,0.0373791
7,1,1,1,6,0.0345975
8,1,1,1,6,0.035418
16,1,1,1,6,0.0352944
32,1,1,1,6,0.033717
64,1,1,1,6,0.0443244
128,1,1,1,6,0.0425896
256,1,1,1,6,0.0694326
512,1,1,1,6,0.0760426
1,2,1,1,6,0.0156908
2,2,1,1,6,0.0151848
3,2,1,1,6,0.0269856
4,2,1,1,6,0.021262
5,2,1,1,6,0.0232726
7,2,1,1,6,0.022012
8,2,1,1,6,0.0211113
16,2,1,1,6,0.0222386
32,2,1,1,6,0.0222851
64,2,1,1,6,0.0287674
128,2,1,1,6,0.0284872
256,2,1,1,6,0.0527393
512,2,1,1,6,0.0796358
1,3,1,1,6,0.014413
2,3,1,1,6,0.0256654
3,3,1,1,6,0.0204737
4,3,1,1,6,0.0239422
5,3,1,1,6,0.0243359
7,3,1,1,6,0.0200522
8,3,1,1,6,0.0236523
16,3,1,1,6,0.0220587
32,3,1,1,6,0.0215971
64,3,1,1,6,0.0270212
128,3,1,1,6,0.0271118
256,3,1,1,6,0.0503682
512,3,1,1,6,0.0720762
1,4,1,1,6,0.018541
2,4,1,1,6,0.0254968
3,4,1,1,6,0.0431254
4,4,1,1,6,0.0260704
5,4,1,1,6,0.0223666
7,4,1,1,6,0.0237625
8,4,1,1,6,0.026568
16,4,1,1,6,0.0286555
32,4,1,1,6,0.0283508
64,4,1,1,6,0.036463
128,4,1,1,6,0.0370592
256,4,1,1,6,0.069825
512,4,1,1,6,0.0981884
1,5,1,1,6,0.0151698
2,5,1,1,6,0.025318
3,5,1,1,6,0.042817
4,5,1,1,6,0.039336
5,5,1,1,6,0.0224816
7,5,1,1,6,0.0225196
8,5,1,1,6,0.0253485
16,5,1,1,6,0.0237004
32,5,1,1,6,0.0230399
64,5,1,1,6,0.0289984
128,5,1,1,6,0.0291183
256,5,1,1,6,0.0532576
512,5,1,1,6,0.0793328
1,6,1,1,6,0.0149052
2,6,1,1,6,0.0255962
3,6,1,1,6,0.0434042
4,6,1,1,6,0.0391374
5,6,1,1,6,0.0372529
7,6,1,1,6,0.0204212
8,6,1,1,6,0.022548
16,6,1,1,6,0.0231642
32,6,1,1,6,0.0209189
64,6,1,1,6,0.026671
128,6,1,1,6,0.0263258
256,6,1,1,6,0.0493159
512,6,1,1,6,0.075791
1,7,1,1,6,0.0143292
2,7,1,1,6,0.025513
3,7,1,1,6,0.0430273
4,7,1,1,6,0.0389998
5,7,1,1,6,0.0370092
7,7,1,1,6,0.0191882
8,7,1,1,6,0.022533
16,7,1,1,6,0.0189288
32,7,1,1,6,0.0203682
64,7,1,1,6,0.0251178
128,7,1,1,6,0.0248339
256,7,1,1,6,0.0438297
512,7,1,1,6,0.0717945
1,8,1,1,6,0.0152782
2,8,1,1,6,0.0251164
3,8,1,1,6,0.0431744
4,8,1,1,6,0.0389774
5,8,1,1,6,0.0370268
7,8,1,1,6,0.0344236
8,8,1,1,6,0.019392
16,8,1,1,6,0.0200716
32,8,1,1,6,0.0193902
64,8,1,1,6,0.0244454
128,8,1,1,6,0.0248396
256,8,1,1,6,0.0457642
512,8,1,1,6,0.0737726
1,16,1,1,6,0.0155487
2,16,1,1,6,0.0255676
3,16,1,1,6,0.043106
4,16,1,1,6,0.0390168
5,16,1,1,6,0.0371311
7,16,1,1,6,0.0351418
8,16,1,1,6,0.0358178
16,16,1,1,6,0.0173702
32,16,1,1,6,0.0154593
64,16,1,1,6,0.0188507
128,16,1,1,6,0.0189119
256,16,1,1,6,0.0328848
512,16,1,1,6,0.0568461
1,31,1,1,6,0.0179998
2,31,1,1,6,0.0258104
3,31,1,1,6,0.0447387
4,31,1,1,6,0.0393326
5,31,1,1,6,0.037514
7,31,1,1,6,0.0349254
8,31,1,1,6,0.0355147
16,31,1,1,6,0.0357022
32,31,1,1,6,0.0198892
64,31,1,1,6,0.024812
128,31,1,1,6,0.0245864
256,31,1,1,6,0.0464538
512,31,1,1,6,0.0794852
1,1,0,1,8,0.0115546
2,1,0,1,8,0.0200316
3,1,0,1,8,0.0547922
4,1,0,1,8,0.055246
5,1,0,1,8,0.0561568
7,1,0,1,8,0.0544368
8,1,0,1,8,0.0551082
16,1,0,1,8,0.0556829
32,1,0,1,8,0.0555566
64,1,0,1,8,0.0557506
128,1,0,1,8,0.107597
256,1,0,1,8,0.0692394
512,1,0,1,8,0.0760335
1,2,0,1,8,0.0122244
2,2,0,1,8,0.0181279
3,2,0,1,8,0.0276778
4,2,0,1,8,0.0207594
5,2,0,1,8,0.0245666
7,2,0,1,8,0.0223492
8,2,0,1,8,0.0205597
16,2,0,1,8,0.0203789
32,2,0,1,8,0.0205452
64,2,0,1,8,0.020466
128,2,0,1,8,0.0380616
256,2,0,1,8,0.0697265
512,2,0,1,8,0.08066
1,3,0,1,8,0.0110969
2,3,0,1,8,0.0199754
3,3,0,1,8,0.0192204
4,3,0,1,8,0.024487
5,3,0,1,8,0.0269224
7,3,0,1,8,0.0198329
8,3,0,1,8,0.0233974
16,3,0,1,8,0.0190876
32,3,0,1,8,0.0187162
64,3,0,1,8,0.0181067
128,3,0,1,8,0.0328995
256,3,0,1,8,0.0605661
512,3,0,1,8,0.0724006
1,4,0,1,8,0.0144824
2,4,0,1,8,0.0200452
3,4,0,1,8,0.0545007
4,4,0,1,8,0.0202928
5,4,0,1,8,0.0213888
7,4,0,1,8,0.026267
8,4,0,1,8,0.0202138
16,4,0,1,8,0.0201586
32,4,0,1,8,0.0200766
64,4,0,1,8,0.0199762
128,4,0,1,8,0.0398404
256,4,0,1,8,0.0635362
512,4,0,1,8,0.0510828
1,5,0,1,8,0.011984
2,5,0,1,8,0.0220196
3,5,0,1,8,0.0545234
4,5,0,1,8,0.0554599
5,5,0,1,8,0.017345
7,5,0,1,8,0.0230826
8,5,0,1,8,0.0252341
16,5,0,1,8,0.0184533
32,5,0,1,8,0.0172526
64,5,0,1,8,0.0174294
128,5,0,1,8,0.0337016
256,5,0,1,8,0.0549734
512,5,0,1,8,0.0539914
1,6,0,1,8,0.0122481
2,6,0,1,8,0.0215744
3,6,0,1,8,0.0544956
4,6,0,1,8,0.0553281
5,6,0,1,8,0.056559
7,6,0,1,8,0.0185436
8,6,0,1,8,0.0218377
16,6,0,1,8,0.0211627
32,6,0,1,8,0.0175281
64,6,0,1,8,0.0166794
128,6,0,1,8,0.0314055
256,6,0,1,8,0.0577278
512,6,0,1,8,0.0623838
1,7,0,1,8,0.011199
2,7,0,1,8,0.0200369
3,7,0,1,8,0.0545172
4,7,0,1,8,0.0552332
5,7,0,1,8,0.0566281
7,7,0,1,8,0.0156222
8,7,0,1,8,0.0183168
16,7,0,1,8,0.0180924
32,7,0,1,8,0.0176702
64,7,0,1,8,0.016064
128,7,0,1,8,0.0264108
256,7,0,1,8,0.0545551
512,7,0,1,8,0.0707147
1,8,0,1,8,0.0114644
2,8,0,1,8,0.0200066
3,8,0,1,8,0.0545168
4,8,0,1,8,0.0551716
5,8,0,1,8,0.0566062
7,8,0,1,8,0.0547562
8,8,0,1,8,0.0155908
16,8,0,1,8,0.0155087
32,8,0,1,8,0.0153294
64,8,0,1,8,0.0153162
128,8,0,1,8,0.0303816
256,8,0,1,8,0.0523526
512,8,0,1,8,0.070946
1,16,0,1,8,0.0110951
2,16,0,1,8,0.0200368
3,16,0,1,8,0.054474
4,16,0,1,8,0.05522
5,16,0,1,8,0.0565818
7,16,0,1,8,0.054704
8,16,0,1,8,0.0555019
16,16,0,1,8,0.0144431
32,16,0,1,8,0.0176788
64,16,0,1,8,0.0144506
128,16,0,1,8,0.0257278
256,16,0,1,8,0.0480681
512,16,0,1,8,0.0566238
1,31,0,1,8,0.0128676
2,31,0,1,8,0.0200175
3,31,0,1,8,0.0545247
4,31,0,1,8,0.0552837
5,31,0,1,8,0.0565426
7,31,0,1,8,0.0546456
8,31,0,1,8,0.0555534
16,31,0,1,8,0.0558408
32,31,0,1,8,0.0173888
64,31,0,1,8,0.0173549
128,31,0,1,8,0.0312278
256,31,0,1,8,0.0573927
512,31,0,1,8,0.0795796
1,1,1,1,8,0.0115509
2,1,1,1,8,0.0199286
3,1,1,1,8,0.0335155
4,1,1,1,8,0.0308339
5,1,1,1,8,0.0295229
7,1,1,1,8,0.0269706
8,1,1,1,8,0.0267654
16,1,1,1,8,0.0249862
32,1,1,1,8,0.0239019
64,1,1,1,8,0.0243732
128,1,1,1,8,0.0426615
256,1,1,1,8,0.068841
512,1,1,1,8,0.0761148
1,2,1,1,8,0.0121568
2,2,1,1,8,0.0118408
3,2,1,1,8,0.0207962
4,2,1,1,8,0.0167016
5,2,1,1,8,0.0180103
7,2,1,1,8,0.016939
8,2,1,1,8,0.0160828
16,2,1,1,8,0.0157889
32,2,1,1,8,0.0157108
64,2,1,1,8,0.0156476
128,2,1,1,8,0.0285069
256,2,1,1,8,0.0524969
512,2,1,1,8,0.0806006
1,3,1,1,8,0.011012
2,3,1,1,8,0.0200378
3,3,1,1,8,0.0160226
4,3,1,1,8,0.0187594
5,3,1,1,8,0.0190084
7,3,1,1,8,0.0156907
8,3,1,1,8,0.0176591
16,3,1,1,8,0.0154409
32,3,1,1,8,0.0152055
64,3,1,1,8,0.0148114
128,3,1,1,8,0.0275286
256,3,1,1,8,0.0502611
512,3,1,1,8,0.0677598
1,4,1,1,8,0.0145126
2,4,1,1,8,0.020028
3,4,1,1,8,0.0335878
4,4,1,1,8,0.0201978
5,4,1,1,8,0.017688
7,4,1,1,8,0.0186404
8,4,1,1,8,0.0201821
16,4,1,1,8,0.0199439
32,4,1,1,8,0.0198956
64,4,1,1,8,0.0198582
128,4,1,1,8,0.0367762
256,4,1,1,8,0.0573952
512,4,1,1,8,0.098265
1,5,1,1,8,0.0120232
2,5,1,1,8,0.020034
3,5,1,1,8,0.0335348
4,5,1,1,8,0.0309601
5,5,1,1,8,0.0179055
7,5,1,1,8,0.01761
8,5,1,1,8,0.0192166
16,5,1,1,8,0.0163205
32,5,1,1,8,0.0163845
64,5,1,1,8,0.0156883
128,5,1,1,8,0.0292545
256,5,1,1,8,0.0533978
512,5,1,1,8,0.0622119
1,6,1,1,8,0.0123006
2,6,1,1,8,0.0200132
3,6,1,1,8,0.0335395
4,6,1,1,8,0.031055
5,6,1,1,8,0.0295231
7,6,1,1,8,0.0160608
8,6,1,1,8,0.016952
16,6,1,1,8,0.0162939
32,6,1,1,8,0.0147874
64,6,1,1,8,0.0148108
128,6,1,1,8,0.0265262
256,6,1,1,8,0.0472046
512,6,1,1,8,0.0759538
1,7,1,1,8,0.0113206
2,7,1,1,8,0.0199818
3,7,1,1,8,0.0337828
4,7,1,1,8,0.0309336
5,7,1,1,8,0.029626
7,7,1,1,8,0.0147898
8,7,1,1,8,0.0168434
16,7,1,1,8,0.0153449
32,7,1,1,8,0.014487
64,7,1,1,8,0.0136832
128,7,1,1,8,0.025163
256,7,1,1,8,0.0437734
512,7,1,1,8,0.0716808
1,8,1,1,8,0.0114693
2,8,1,1,8,0.0200081
3,8,1,1,8,0.0334645
4,8,1,1,8,0.0309504
5,8,1,1,8,0.0296376
7,8,1,1,8,0.0270554
8,8,1,1,8,0.0146474
16,8,1,1,8,0.0139454
32,8,1,1,8,0.0136702
64,8,1,1,8,0.0133882
128,8,1,1,8,0.0247465
256,8,1,1,8,0.0455663
512,8,1,1,8,0.074145
1,16,1,1,8,0.0110898
2,16,1,1,8,0.0200242
3,16,1,1,8,0.033678
4,16,1,1,8,0.0309548
5,16,1,1,8,0.0295577
7,16,1,1,8,0.0270889
8,16,1,1,8,0.0269674
16,16,1,1,8,0.0121024
32,16,1,1,8,0.0111022
64,16,1,1,8,0.0103234
128,16,1,1,8,0.0181284
256,16,1,1,8,0.0325321
512,16,1,1,8,0.0568101
1,31,1,1,8,0.0128647
2,31,1,1,8,0.020037
3,31,1,1,8,0.0337398
4,31,1,1,8,0.0310342
5,31,1,1,8,0.0296749
7,31,1,1,8,0.027152
8,31,1,1,8,0.0269432
16,31,1,1,8,0.0251322
32,31,1,1,8,0.0141554
64,31,1,1,8,0.013668
128,31,1,1,8,0.0244459
256,31,1,1,8,0.04502
512,31,1,1,8,0.0791008
1,1,0,1,10,0.0092762
2,1,0,1,10,0.0156887
3,1,0,1,10,0.044459
4,1,0,1,10,0.0448974
5,1,0,1,10,0.0433738
7,1,0,1,10,0.0477437
8,1,0,1,10,0.0477521
16,1,0,1,10,0.0537849
32,1,0,1,10,0.0549237
64,1,0,1,10,0.0557116
128,1,0,1,10,0.100338
256,1,0,1,10,0.0696807
512,1,0,1,10,0.0754072
1,2,0,1,10,0.00957623
2,2,0,1,10,0.0164622
3,2,0,1,10,0.0224977
4,2,0,1,10,0.0168518
5,2,0,1,10,0.0202692
7,2,0,1,10,0.0198406
8,2,0,1,10,0.0178998
16,2,0,1,10,0.0217441
32,2,0,1,10,0.0202132
64,2,0,1,10,0.0224102
128,2,0,1,10,0.0377728
256,2,0,1,10,0.0717518
512,2,0,1,10,0.0832372
1,3,0,1,10,0.0106822
2,3,0,1,10,0.015753
3,3,0,1,10,0.0153096
4,3,0,1,10,0.0216895
5,3,0,1,10,0.0207492
7,3,0,1,10,0.0176793
8,3,0,1,10,0.0217538
16,3,0,1,10,0.0187052
32,3,0,1,10,0.0187254
64,3,0,1,10,0.020157
128,3,0,1,10,0.033301
256,3,0,1,10,0.059316
512,3,0,1,10,0.0722936
1,4,0,1,10,0.0116874
2,4,0,1,10,0.0158192
3,4,0,1,10,0.0441839
4,4,0,1,10,0.0165711
5,4,0,1,10,0.0164214
7,4,0,1,10,0.0223096
8,4,0,1,10,0.0175486
16,4,0,1,10,0.019926
32,4,0,1,10,0.0199679
64,4,0,1,10,0.0199543
128,4,0,1,10,0.0372777
256,4,0,1,10,0.0700222
512,4,0,1,10,0.0602214
1,5,0,1,10,0.00932684
2,5,0,1,10,0.0156826
3,5,0,1,10,0.0441666
4,5,0,1,10,0.0449903
5,5,0,1,10,0.0134574
7,5,0,1,10,0.0192201
8,5,0,1,10,0.0219092
16,5,0,1,10,0.0166654
32,5,0,1,10,0.0172983
64,5,0,1,10,0.0175321
128,5,0,1,10,0.031463
256,5,0,1,10,0.0577752
512,5,0,1,10,0.0536667
1,6,0,1,10,0.0100006
2,6,0,1,10,0.0156849
3,6,0,1,10,0.0441608
4,6,0,1,10,0.0449917
5,6,0,1,10,0.043639
7,6,0,1,10,0.0165389
8,6,0,1,10,0.0190224
16,6,0,1,10,0.020707
32,6,0,1,10,0.0173794
64,6,0,1,10,0.017666
128,6,0,1,10,0.0312035
256,6,0,1,10,0.056321
512,6,0,1,10,0.0762106
1,7,0,1,10,0.00985061
2,7,0,1,10,0.0157042
3,7,0,1,10,0.0442146
4,7,0,1,10,0.0449163
5,7,0,1,10,0.0437021
7,7,0,1,10,0.0139051
8,7,0,1,10,0.0160354
16,7,0,1,10,0.0178362
32,7,0,1,10,0.0176945
64,7,0,1,10,0.0159814
128,7,0,1,10,0.029653
256,7,0,1,10,0.0563513
512,7,0,1,10,0.0618954
1,8,0,1,10,0.010006
2,8,0,1,10,0.0156817
3,8,0,1,10,0.0441698
4,8,0,1,10,0.0449356
5,8,0,1,10,0.0436804
7,8,0,1,10,0.048088
8,8,0,1,10,0.0135484
16,8,0,1,10,0.0152562
32,8,0,1,10,0.0151806
64,8,0,1,10,0.0154489
128,8,0,1,10,0.0286518
256,8,0,1,10,0.052392
512,8,0,1,10,0.0737939
1,16,0,1,10,0.0108676
2,16,0,1,10,0.0157304
3,16,0,1,10,0.0441574
4,16,0,1,10,0.0449527
5,16,0,1,10,0.0436825
7,16,0,1,10,0.0480759
8,16,0,1,10,0.047906
16,16,0,1,10,0.0142712
32,16,0,1,10,0.0144156
64,16,0,1,10,0.0145176
128,16,0,1,10,0.0259966
256,16,0,1,10,0.0483772
512,16,0,1,10,0.0565922
1,31,0,1,10,0.0127954
2,31,0,1,10,0.0156826
3,31,0,1,10,0.0441608
4,31,0,1,10,0.0449678
5,31,0,1,10,0.0436895
7,31,0,1,10,0.0481324
8,31,0,1,10,0.048035
16,31,0,1,10,0.0539169
32,31,0,1,10,0.017164
64,31,0,1,10,0.0174658
128,31,0,1,10,0.0334378
256,31,0,1,10,0.0604388
512,31,0,1,10,0.0794836
1,1,1,1,10,0.00927024
2,1,1,1,10,0.0156629
3,1,1,1,10,0.0271792
4,1,1,1,10,0.0251346
5,1,1,1,10,0.0227964
7,1,1,1,10,0.0239452
8,1,1,1,10,0.023327
16,1,1,1,10,0.0243626
32,1,1,1,10,0.0237147
64,1,1,1,10,0.0243827
128,1,1,1,10,0.0429387
256,1,1,1,10,0.0693938
512,1,1,1,10,0.0760643
1,2,1,1,10,0.00959087
2,2,1,1,10,0.00929589
3,2,1,1,10,0.0168486
4,2,1,1,10,0.0136082
5,2,1,1,10,0.0140202
7,2,1,1,10,0.0150663
8,2,1,1,10,0.0141032
16,2,1,1,10,0.0154144
32,2,1,1,10,0.0155209
64,2,1,1,10,0.0156229
128,2,1,1,10,0.0285313
256,2,1,1,10,0.052501
512,2,1,1,10,0.0804337
1,3,1,1,10,0.009091
2,3,1,1,10,0.015686
3,3,1,1,10,0.0129771
4,3,1,1,10,0.0152125
5,3,1,1,10,0.014333
7,3,1,1,10,0.0139678
8,3,1,1,10,0.0153958
16,3,1,1,10,0.0152254
32,3,1,1,10,0.0151691
64,3,1,1,10,0.0144258
128,3,1,1,10,0.0272562
256,3,1,1,10,0.0504028
512,3,1,1,10,0.054332
1,4,1,1,10,0.0118794
2,4,1,1,10,0.0156829
3,4,1,1,10,0.0272428
4,4,1,1,10,0.0165371
5,4,1,1,10,0.0136788
7,4,1,1,10,0.0166886
8,4,1,1,10,0.0174732
16,4,1,1,10,0.019638
32,4,1,1,10,0.0195132
64,4,1,1,10,0.019972
128,4,1,1,10,0.0369628
256,4,1,1,10,0.0614264
512,4,1,1,10,0.098442
1,5,1,1,10,0.00943828
2,5,1,1,10,0.0156402
3,5,1,1,10,0.0272
4,5,1,1,10,0.0251867
5,5,1,1,10,0.0139158
7,5,1,1,10,0.0156438
8,5,1,1,10,0.0167448
16,5,1,1,10,0.0159624
32,5,1,1,10,0.0161856
64,5,1,1,10,0.0158886
128,5,1,1,10,0.0268154
256,5,1,1,10,0.0537142
512,5,1,1,10,0.078807
1,6,1,1,10,0.0100584
2,6,1,1,10,0.0156973
3,6,1,1,10,0.027206
4,6,1,1,10,0.0251982
5,6,1,1,10,0.0228566
7,6,1,1,10,0.0140092
8,6,1,1,10,0.0148048
16,6,1,1,10,0.0160584
32,6,1,1,10,0.0147732
64,6,1,1,10,0.0147488
128,6,1,1,10,0.0263038
256,6,1,1,10,0.0492462
512,6,1,1,10,0.0557716
1,7,1,1,10,0.00982366
2,7,1,1,10,0.0156835
3,7,1,1,10,0.027358
4,7,1,1,10,0.0251848
5,7,1,1,10,0.0228649
7,7,1,1,10,0.0131832
8,7,1,1,10,0.014889
16,7,1,1,10,0.0146783
32,7,1,1,10,0.0143774
64,7,1,1,10,0.0137314
128,7,1,1,10,0.0247786
256,7,1,1,10,0.0422132
512,7,1,1,10,0.0719556
1,8,1,1,10,0.00999927
2,8,1,1,10,0.0157024
3,8,1,1,10,0.0270382
4,8,1,1,10,0.0251976
5,8,1,1,10,0.0228788
7,8,1,1,10,0.0239062
8,8,1,1,10,0.0127868
16,8,1,1,10,0.0137308
32,8,1,1,10,0.0136392
64,8,1,1,10,0.0134122
128,8,1,1,10,0.0217629
256,8,1,1,10,0.0454546
512,8,1,1,10,0.0738762
1,16,1,1,10,0.0110006
2,16,1,1,10,0.0156885
3,16,1,1,10,0.027348
4,16,1,1,10,0.025195
5,16,1,1,10,0.0228375
7,16,1,1,10,0.0239954
8,16,1,1,10,0.0234804
16,16,1,1,10,0.0120258
32,16,1,1,10,0.0110754
64,16,1,1,10,0.0103934
128,16,1,1,10,0.018308
256,16,1,1,10,0.0327928
512,16,1,1,10,0.0573845
1,31,1,1,10,0.012838
2,31,1,1,10,0.0156928
3,31,1,1,10,0.0273784
4,31,1,1,10,0.0253268
5,31,1,1,10,0.0229125
7,31,1,1,10,0.0239662
8,31,1,1,10,0.0235105
16,31,1,1,10,0.0244164
32,31,1,1,10,0.014071
64,31,1,1,10,0.0136922
128,31,1,1,10,0.02586
256,31,1,1,10,0.0442409
512,31,1,1,10,0.0805592
1,1,0,1,12,0.00951935
2,1,0,1,12,0.0132877
3,1,0,1,12,0.0368154
4,1,0,1,12,0.0380096
5,1,0,1,12,0.0390178
7,1,0,1,12,0.0363672
8,1,0,1,12,0.0408464
16,1,0,1,12,0.0418952
32,1,0,1,12,0.0533714
64,1,0,1,12,0.055622
128,1,0,1,12,0.0994456
256,1,0,1,12,0.0698962
512,1,0,1,12,0.0762182
1,2,0,1,12,0.00808463
2,2,0,1,12,0.0120716
3,2,0,1,12,0.0185568
4,2,0,1,12,0.0143399
5,2,0,1,12,0.0171263
7,2,0,1,12,0.0149658
8,2,0,1,12,0.0153958
16,2,0,1,12,0.0153404
32,2,0,1,12,0.0198937
64,2,0,1,12,0.0203868
128,2,0,1,12,0.0380783
256,2,0,1,12,0.069835
512,2,0,1,12,0.080556
1,3,0,1,12,0.00753455
2,3,0,1,12,0.0132153
3,3,0,1,12,0.0128474
4,3,0,1,12,0.0169278
5,3,0,1,12,0.018688
7,3,0,1,12,0.0133484
8,3,0,1,12,0.0175094
16,3,0,1,12,0.0144158
32,3,0,1,12,0.0180366
64,3,0,1,12,0.018118
128,3,0,1,12,0.0330756
256,3,0,1,12,0.060484
512,3,0,1,12,0.0721796
1,4,0,1,12,0.0100662
2,4,0,1,12,0.0132238
3,4,0,1,12,0.0363828
4,4,0,1,12,0.014027
5,4,0,1,12,0.0148161
7,4,0,1,12,0.0175962
8,4,0,1,12,0.0150072
16,4,0,1,12,0.0152053
32,4,0,1,12,0.0194144
64,4,0,1,12,0.0199624
128,4,0,1,12,0.0332772
256,4,0,1,12,0.0704563
512,4,0,1,12,0.0879938
1,5,0,1,12,0.00844503
2,5,0,1,12,0.0132152
3,5,0,1,12,0.0363858
4,5,0,1,12,0.0380753
5,5,0,1,12,0.0121845
7,5,0,1,12,0.0144824
8,5,0,1,12,0.0188124
16,5,0,1,12,0.0127542
32,5,0,1,12,0.0167826
64,5,0,1,12,0.0174959
128,5,0,1,12,0.031225
256,5,0,1,12,0.0543339
512,5,0,1,12,0.078528
1,6,0,1,12,0.00795102
2,6,0,1,12,0.0132083
3,6,0,1,12,0.0363806
4,6,0,1,12,0.0380416
5,6,0,1,12,0.0391294
7,6,0,1,12,0.0121955
8,6,0,1,12,0.0163877
16,6,0,1,12,0.0158644
32,6,0,1,12,0.0169382
64,6,0,1,12,0.0174543
128,6,0,1,12,0.0310506
256,6,0,1,12,0.0576788
512,6,0,1,12,0.0662447
1,7,0,1,12,0.00760889
2,7,0,1,12,0.0132176
3,7,0,1,12,0.036396
4,7,0,1,12,0.0380707
5,7,0,1,12,0.0391954
7,7,0,1,12,0.0105205
8,7,0,1,12,0.0137812
16,7,0,1,12,0.0137176
32,7,0,1,12,0.0172169
64,7,0,1,12,0.0160594
128,7,0,1,12,0.029263
256,7,0,1,12,0.0547086
512,7,0,1,12,0.0718216
1,8,0,1,12,0.00863461
2,8,0,1,12,0.0131669
3,8,0,1,12,0.0364224
4,8,0,1,12,0.0380393
5,8,0,1,12,0.0391652
7,8,0,1,12,0.0366578
8,8,0,1,12,0.0116125
16,8,0,1,12,0.0115965
32,8,0,1,12,0.0148576
64,8,0,1,12,0.0153396
128,8,0,1,12,0.0282158
256,8,0,1,12,0.0524548
512,8,0,1,12,0.0738286
1,16,0,1,12,0.00849123
2,16,0,1,12,0.013211
3,16,0,1,12,0.0363884
4,16,0,1,12,0.0380428
5,16,0,1,12,0.0391856
7,16,0,1,12,0.0366494
8,16,0,1,12,0.041248
16,16,0,1,12,0.0109014
32,16,0,1,12,0.0141738
64,16,0,1,12,0.0145074
128,16,0,1,12,0.0261535
256,16,0,1,12,0.0480586
512,16,0,1,12,0.0566784
1,31,0,1,12,0.0125376
2,31,0,1,12,0.01322
3,31,0,1,12,0.0363978
4,31,0,1,12,0.0380719
5,31,0,1,12,0.03918
7,31,0,1,12,0.03665
8,31,0,1,12,0.0411645
16,31,0,1,12,0.0420589
32,31,0,1,12,0.0168407
64,31,0,1,12,0.0173674
128,31,0,1,12,0.0313846
256,31,0,1,12,0.05758
512,31,0,1,12,0.0794933
1,1,1,1,12,0.00783577
2,1,1,1,12,0.013205
3,1,1,1,12,0.0223998
4,1,1,1,12,0.021316
5,1,1,1,12,0.0205479
7,1,1,1,12,0.0180788
8,1,1,1,12,0.020077
16,1,1,1,12,0.0188134
32,1,1,1,12,0.0232184
64,1,1,1,12,0.0244835
128,1,1,1,12,0.0425214
256,1,1,1,12,0.0691986
512,1,1,1,12,0.0763236
1,2,1,1,12,0.00805764
2,2,1,1,12,0.00779987
3,2,1,1,12,0.0139031
4,2,1,1,12,0.0115088
5,2,1,1,12,0.012582
7,2,1,1,12,0.0113714
8,2,1,1,12,0.0121081
16,2,1,1,12,0.0118908
32,2,1,1,12,0.015472
64,2,1,1,12,0.0156418
128,2,1,1,12,0.028242
256,2,1,1,12,0.052831
512,2,1,1,12,0.0808154
1,3,1,1,12,0.00750761
2,3,1,1,12,0.0132413
3,3,1,1,12,0.0106474
4,3,1,1,12,0.0130016
5,3,1,1,12,0.013267
7,3,1,1,12,0.0104769
8,3,1,1,12,0.0133346
16,3,1,1,12,0.0116586
32,3,1,1,12,0.0147627
64,3,1,1,12,0.0149671
128,3,1,1,12,0.027311
256,3,1,1,12,0.04651
512,3,1,1,12,0.072414
1,4,1,1,12,0.00990582
2,4,1,1,12,0.0132278
3,4,1,1,12,0.0224478
4,4,1,1,12,0.0138754
5,4,1,1,12,0.0122412
7,4,1,1,12,0.0125465
8,4,1,1,12,0.0150624
16,4,1,1,12,0.0149637
32,4,1,1,12,0.0192924
64,4,1,1,12,0.0199066
128,4,1,1,12,0.037168
256,4,1,1,12,0.069199
512,4,1,1,12,0.08583
1,5,1,1,12,0.00845723
2,5,1,1,12,0.01321
3,5,1,1,12,0.0224107
4,5,1,1,12,0.021385
5,5,1,1,12,0.0123304
7,5,1,1,12,0.0118634
8,5,1,1,12,0.0148175
16,5,1,1,12,0.0123858
32,5,1,1,12,0.0158734
64,5,1,1,12,0.0159183
128,5,1,1,12,0.0289828
256,5,1,1,12,0.0539058
512,5,1,1,12,0.0571143
1,6,1,1,12,0.00795221
2,6,1,1,12,0.013189
3,6,1,1,12,0.022479
4,6,1,1,12,0.0213512
5,6,1,1,12,0.0205732
7,6,1,1,12,0.0105686
8,6,1,1,12,0.0126998
16,6,1,1,12,0.0122269
32,6,1,1,12,0.0145018
64,6,1,1,12,0.0147494
128,6,1,1,12,0.0262748
256,6,1,1,12,0.0504158
512,6,1,1,12,0.0762993
1,7,1,1,12,0.00753803
2,7,1,1,12,0.0132151
3,7,1,1,12,0.0224906
4,7,1,1,12,0.0213856
5,7,1,1,12,0.0205638
7,7,1,1,12,0.00998665
8,7,1,1,12,0.0126287
16,7,1,1,12,0.011577
32,7,1,1,12,0.0140581
64,7,1,1,12,0.0137122
128,7,1,1,12,0.024778
256,7,1,1,12,0.0390362
512,7,1,1,12,0.0569149
1,8,1,1,12,0.00862794
2,8,1,1,12,0.0132119
3,8,1,1,12,0.0222999
4,8,1,1,12,0.0213719
5,8,1,1,12,0.0206509
7,8,1,1,12,0.0181172
8,8,1,1,12,0.011032
16,8,1,1,12,0.0104836
32,8,1,1,12,0.0132136
64,8,1,1,12,0.0135489
128,8,1,1,12,0.0247466
256,8,1,1,12,0.0349762
512,8,1,1,12,0.07385
1,16,1,1,12,0.00844779
2,16,1,1,12,0.0131978
3,16,1,1,12,0.0225418
4,16,1,1,12,0.0213664
5,16,1,1,12,0.020579
7,16,1,1,12,0.0197922
8,16,1,1,12,0.0202169
16,16,1,1,12,0.00917153
32,16,1,1,12,0.0116818
64,16,1,1,12,0.0103405
128,16,1,1,12,0.0195004
256,16,1,1,12,0.0322192
512,16,1,1,12,0.0591592
1,31,1,1,12,0.0132246
2,31,1,1,12,0.013218
3,31,1,1,12,0.0225508
4,31,1,1,12,0.0226384
5,31,1,1,12,0.0206397
7,31,1,1,12,0.0181566
8,31,1,1,12,0.0215618
16,31,1,1,12,0.0189312
32,31,1,1,12,0.0137187
64,31,1,1,12,0.0151699
128,31,1,1,12,0.0244936
256,31,1,1,12,0.0453434
512,31,1,1,12,0.0805447
